SA3_CODE,year,total_persons,overseas_born,overseas_born_pct,diversity_simpson,recent_arrivals,new_arrivals_share,recent_arrivals_rate
10101,2011,67499,5439,8.057897154031913,0.8193822332976064,1593,29.288472145615003,2.360034963480941
10102,2011,53512,9214,17.218567797877114,0.8928923431651865,4224,45.84328196223139,7.8935565854387795
10103,2011,18930,2358,12.456418383518225,0.8421150886916285,591,25.06361323155216,3.122028526
10104,2011,67881,8626,12.707532299170609,0.7588885886219895,1188,13.772316253188036,1.750121536217793
10201,2011,163111,25697,15.75430228494706,0.7888835936201667,7542,29.34972954041328,4.623845111611112
10202,2011,149077,17892,12.001851392233544,0.7922297803014026,3513,19.634473507712944,2.356500332043173
10301,2011,43554,3667,8.419433347109335,0.8489771872140834,1191,32.47886555767657,2.734536438
10302,2011,54795,2574,4.697508896797153,0.8344867598946853,1020,39.62703962703963,1.86148371201752
10303,2011,43919,3694,8.410938318,0.8138323490381834,780,21.115322144017327,1.7759967212368222
10304,2011,54470,4257,7.815311180466312,0.8629380706342864,1758,41.29668780831571,3.227464659445566
10401,2011,49238,3573,7.256590438279378,0.7708955330855095,738,20.65491183879093,1.498842357528738
10402,2011,81362,10363,12.736904205894644,0.8166935214560066,4476,43.19212583228795,5.501339692
10501,2011,25293,1463,5.78420907,0.8758620592991209,963,65.82365003417635,3.807377535286443
10502,2011,21203,983,4.636136395793048,0.8779174760346025,468,47.60935910478128,2.2072348252605765
10503,2011,67098,3471,5.173030492712153,0.8707523613566945,1449,41.745894554883314,2.159527854779576
10601,2011,81987,5619,6.853525558930073,0.8114024439934918,1920,34.16978109983983,2.341834681
10602,2011,64207,4902,7.634681576775118,0.8466220250654151,1968,40.14687882,3.0650863613001698
10603,2011,67503,7512,11.128394293586952,0.7729296597222931,2151,28.63418530351437,3.186525043331408
10604,2011,29547,2063,6.982096321115511,0.8431936416830104,1494,72.41880756,5.056350898568383
10701,2011,71918,15843,22.029255541032843,0.8591514757398098,2007,12.668055292558227,2.790678272476988
10702,2011,12,0,0.0,,0,,0.0
10703,2011,83532,14037,16.80433845711823,0.7999216737409847,2427,17.290019234879246,2.9054733515299525
10704,2011,120524,25946,21.527662540240943,0.8923211565073673,15984,61.60487165651738,13.262088878563604
10801,2011,29848,2924,9.796301259715891,0.764374178,324,11.080711354309166,1.085499865987671
10802,2011,46828,3741,7.988810113607244,0.754760333,600,16.038492381716118,1.2812847014606643
10803,2011,360,41,11.38888888888889,0.6983938132064248,18,43.90243902439025,5.0
10804,2011,72711,8028,11.040970417130833,0.7389277352385732,1806,22.49626307922272,2.4838057515369063
10805,2011,51359,4193,8.164099768,0.7661347609603846,846,20.176484617219177,1.6472283338850056
10901,2011,57438,5432,9.457153800619798,0.8573935127244648,3177,58.48674521354934,5.531181447821999
10902,2011,12424,744,5.988409529942048,0.862538299,324,43.54838709677419,2.6078557630392787
10903,2011,40457,2633,6.508144449662605,0.7917352127002957,759,28.826433725788075,1.8760659465605456
11001,2011,35945,3452,9.603560996,0.8588136052923793,2736,79.25840092699885,7.611628877451662
11002,2011,37761,2269,6.008845104737692,0.820207829,801,35.30189510797708,2.121236196075316
11003,2011,25687,1126,4.383540312220189,0.891222801,684,60.746003552397866,2.662825553782069
11004,2011,76805,3832,4.989258511815637,0.8328930422200043,1497,39.06576200417536,1.9490918559989583
11101,2011,116868,10981,9.396070781,0.8429687987283646,3483,31.718422730170293,2.9802854502515657
11102,2011,70005,7079,10.112134847510893,0.8133590752806286,1752,24.749258369826247,2.502678380115706
11103,2011,155737,19052,12.233444846118775,0.8966449172180636,12414,65.15851354188537,7.971130817
11201,2011,73228,9679,13.217621674769214,0.8102524340558074,3327,34.37338568033888,4.5433440760364885
11202,2011,69286,5698,8.223883613,0.8311138834129357,1722,30.22113022113022,2.485350575873914
11203,2011,85105,12664,14.880441807179368,0.7624013997627189,3996,31.554011370814912,4.695376299864873
11301,2011,46594,5631,12.085247027514272,0.8563518395153853,3570,63.39904102,7.661930720693652
11302,2011,14327,1208,8.431632581838487,0.863577804,618,51.158940397351,4.313533887066378
11303,2011,89194,6135,6.8782653541718055,0.8680238241840575,4035,65.77017114914425,4.523846896
11401,2011,92621,11692,12.62348711415338,0.7536773040834024,1827,15.626069107081769,1.9725548201811685
11402,2011,44386,6710,15.117379353850314,0.7547779522522382,1116,16.63189269746647,2.5143063128013337
11501,2011,133822,46741,34.92773983351019,0.9232202451567776,16593,35.49988233028819,12.39930654152531
11502,2011,25336,5411,21.356962425007893,0.8873859798317021,1353,25.00462021807429,5.340227344490054
11503,2011,24074,2850,11.838497964609122,0.7950222222222223,387,13.578947368421051,1.60754340782587
11504,2011,27181,6275,23.085979176630737,0.9123701274582944,1845,29.40239043824701,6.787829734005372
11601,2011,125022,49067,39.246692582105545,0.8984314145246195,24456,49.84205270344631,19.5613572
11602,2011,74777,26800,35.83989729462268,0.8947677684339497,10788,40.25373134328358,14.426895970686171
11603,2011,103728,38347,36.96880302329168,0.8508009033863704,16068,41.90158291391764,15.49051365108746
11701,2011,39357,16507,41.94171303707092,0.8837749519967534,7539,45.67153328890773,19.155423431664
11702,2011,50613,17625,34.82306917195187,0.8995804138624818,8184,46.43404255319149,16.16975875763144
11703,2011,174572,71987,41.236280732305296,0.9090009942592756,75132,104.36884437467876,43.03782966340536
11801,2011,120557,41577,34.48742088804466,0.8600971031488177,28077,67.53012482863122,23.289398375871997
11802,2011,128990,49214,38.15334522055973,0.9034267558288412,39240,79.73340919,30.4209628653384
11901,2011,159072,58414,36.72173606920136,0.8917857909213356,17718,30.331769781216835,11.138352444176222
11902,2011,125426,61101,48.714780029658925,0.8797778598754813,31080,50.866597928020816,24.779551289206385
11903,2011,116603,47562,40.78968808692744,0.8449772701545322,23253,48.889870064337074,19.942025505347203
11904,2011,122500,53559,43.72163265306123,0.8961741096214113,26979,50.37248642,22.02367346938776
12001,2011,74156,25631,34.563622633367494,0.913680731,12624,49.252857867426165,17.02357192944603
12002,2011,52197,14755,28.26790811732475,0.8601738574050506,7938,53.79871230091494,15.207770561526525
12003,2011,137207,64342,46.89410890114936,0.8989850506676047,43161,67.08060054085978,31.456849869175773
12101,2011,100198,38013,37.93788299167648,0.907094426,25440,66.92447321,25.389728337890972
12102,2011,76536,25661,33.52801296122087,0.8982509373181613,13911,54.21066988815713,18.17576042646597
12103,2011,109578,38214,34.87378853419482,0.8978293822251399,17565,45.96482964358612,16.029677490007117
12104,2011,88355,29656,33.56459736291099,0.8748264425697008,23802,80.26031831669815,26.939052685190426
12201,2011,39747,13052,32.83769844264976,0.8024289719642845,11421,87.50383083052405,28.73424409389388
12202,2011,57155,12884,22.54220978042166,0.7890627914201287,4368,33.90251474697299,7.642375995101042
12203,2011,140741,39044,27.74173837048195,0.8607693511750842,18441,47.23132875729946,13.102791652752218
12301,2011,52233,7886,15.097735148277907,0.8253938687159381,2061,26.134922647730157,3.945781402561599
12302,2011,147164,41371,28.112174173031445,0.874837854,13305,32.16020884194242,9.040933924057514
12303,2011,36402,4512,12.394923355859568,0.7833053936547457,612,13.563829787234042,1.6812263062469095
12401,2011,75697,12445,16.44054586047003,0.7738605912620593,2028,16.29570108,2.6791022101272177
12402,2011,9,4,44.44444444444444,0.0,0,0.0,0.0
12403,2011,124673,23148,18.566971196650435,0.8683217575702904,6576,28.40850181441161,5.274598349281721
12404,2011,35750,4854,13.577622377622378,0.8548626061464478,996,20.519159456118665,2.786013986013986
12405,2011,52065,13401,25.73898012100259,0.9029262902232998,3723,27.781508842623687,7.150677038317488
12501,2011,74421,42234,56.75011085580682,0.8830483915072607,29472,69.78263957948573,39.60172531946628
12502,2011,59597,23774,39.89126969478329,0.8922181414313464,8700,36.594599141919744,14.598050237428058
12503,2011,135913,56787,41.78187517014561,0.892132161,23301,41.03227851444873,17.144055388373445
12504,2011,124775,58843,47.15928671608896,0.8606912712762188,50025,85.01436024675833,40.09216589861751
12601,2011,43006,16299,37.89936288,0.9022099331612448,7740,47.48757592490337,17.99748872250384
12602,2011,119840,48438,40.41889185580774,0.8998924928324591,30396,62.75238449151493,25.363818424566087
12701,2011,80341,30141,37.516336615177806,0.9010255451105582,5820,19.309246541256098,7.244121930272214
12702,2011,175637,92130,52.454778890552674,0.8563179709783186,28371,30.794529469228262,16.15320234346977
12703,2011,104189,42357,40.654003781589225,0.916047428785058,18420,43.487499114668175,17.679409534595784
12801,2011,104368,18697,17.91449486432623,0.8887906097037184,6486,34.690057228432366,6.214548520619347
12802,2011,105900,17543,16.56562795089707,0.8813898078349509,4488,25.582853559824432,4.237960339943343
19797,2011,112,48,42.85714285714285,0.8671875,9,18.75,8.035714285714286
19999,2011,12918,3097,23.974299427155906,0.8822276268272993,3141,101.42072973845656,24.314909428704134
20101,2011,95583,8199,8.577885188788802,0.8547722398864054,4266,52.030735455543365,4.463136750258937
20102,2011,26765,3249,12.138987483654024,0.7950076927806278,486,14.958448753462603,1.8158042219316275
20103,2011,23889,2172,9.092050734647746,0.6995415449942174,318,14.64088397790055,1.3311565992716312
20201,2011,86079,5799,6.736834768061898,0.8589732232585189,3660,63.11433005690637,4.251908130903008
20202,2011,43429,4789,11.027193810587397,0.7626784967516872,690,14.408018375443726,1.588800110525225
20203,2011,11187,786,7.026012336,0.7953337347603415,162,20.610687022900763,1.4481094127111829
20301,2011,16616,1710,10.291285507944153,0.7396032967408774,384,22.45614035087719,2.311025517573423
20302,2011,173452,28584,16.479487120356065,0.8860199381709495,12468,43.618807724601176,7.188155801028527
20303,2011,60584,7527,12.424072362339892,0.7552524476386139,2334,31.00836986847349,3.852502310841146
20401,2011,49912,5337,10.692819362077255,0.8153093455388263,1860,34.85103991006183,3.726558743388363
20402,2011,44232,3451,7.802043769216857,0.8481487859884809,930,26.948710518690238,2.102550189907759
20403,2011,65146,6722,10.318361833420315,0.8498440775540992,2202,32.758107706039866,3.380100082890738
20501,2011,42985,4460,10.375712457834128,0.7963740473365641,1116,25.02242152466368,2.596254507386297
20502,2011,42296,4543,10.740968413088709,0.7667837484541895,828,18.225841954655515,1.9576319273690184
20503,2011,57019,7441,13.05003595292797,0.7749339195344731,1854,24.91600591318371,3.251547729704133
20504,2011,72217,9870,13.66714209,0.8577072150725388,3456,35.015197568389056,4.785576803245773
20505,2011,41335,4288,10.373775250997944,0.8374472669302739,1374,32.042910447761194,3.324059513729285
20601,2011,78896,25085,31.795021293855203,0.9068159304805756,17763,70.81124177795496,22.51444940174407
20602,2011,48559,13423,27.64266150456146,0.9043934809211894,7110,52.968784921403554,14.641981918902776
20603,2011,60930,15932,26.14803873297226,0.905745437126114,10569,66.33818729600803,17.346134908911868
20604,2011,93617,43902,46.89532883984746,0.9088393087323278,62685,142.7839278392784,66.95899249068012
20605,2011,91382,28173,30.82992274189665,0.8945417232725759,26463,93.93035885422212,28.958657065942965
20606,2011,53781,16458,30.60188542422045,0.9098823873511012,13359,81.17025154939846,24.839627377698445
20607,2011,74833,21521,28.758702711370653,0.9034835174634922,14127,65.64286046187445,18.87803509147034
20701,2011,159184,44617,28.028570710624184,0.9176579803713169,29829,66.85568281148441,18.738692330887528
20702,2011,85907,34835,40.549664171720586,0.9138742542118992,13206,37.91014783981628,15.372437636048284
20703,2011,94914,32663,34.41325831805634,0.8926595512266388,26436,80.93561522211677,27.85258233769517
20801,2011,91814,22143,24.11723702267628,0.8587921250190407,12057,54.450616447635824,13.131984228984686
20802,2011,138066,48054,34.805093216287865,0.8868307046998702,32511,67.65513797,23.547433835991484
20803,2011,108971,27698,25.41777170072772,0.8950527079198565,11820,42.67456134016896,10.846922575731158
20804,2011,39367,10630,27.00231158076561,0.9190016363280764,8931,84.01693320790217,22.68651408540148
20901,2011,118306,25974,21.954930434635607,0.9163913396607628,13068,50.31185031185032,11.045931736344732
20902,2011,87916,32425,36.88179626006643,0.9073469106395222,24033,74.11873554356207,27.33632103
20903,2011,63919,9322,14.58408298002159,0.8319013450037401,2487,26.67882428663377,3.8908618720568224
20904,2011,166906,53409,31.99944879153536,0.9272874153887865,23676,44.32960736954446,14.185230009706062
21001,2011,54826,15492,28.25666654506986,0.8929426790262937,3441,22.21146398140976,6.276219312005253
21002,2011,26638,3432,12.883850138899316,0.7837913834417332,741,21.59090909090909,2.7817403708987163
21003,2011,67610,24207,35.80387516639551,0.9029103335434552,14982,61.89118849919445,22.15944386925011
21004,2011,36852,5627,15.2691848474981,0.852251273,1473,26.177359161187137,3.997069358515141
21005,2011,132559,48561,36.63349904570795,0.9117993463544491,23946,49.31117563476864,18.064409055590342
21101,2011,149340,41379,27.70791482523102,0.9159321412875424,13623,32.92249691872689,9.122137404580153
21102,2011,25504,5651,22.157308657465496,0.9009625255696934,1368,24.208104760219427,5.363864491844417
21103,2011,103412,21567,20.855413298263255,0.8735592652230413,10569,49.00542495479204,10.22028391289212
21104,2011,57133,17860,31.260392417692053,0.920406753,9462,52.97872340425533,16.561356834053875
21105,2011,143708,23428,16.302502296323098,0.7847480329737988,5220,22.281031244664504,3.632365630305898
21201,2011,74337,12238,16.46286506046787,0.8140406746287961,4602,37.60418369014545,6.190726017999112
21202,2011,124020,44369,35.77568134171908,0.8894465342003629,19932,44.92325722914647,16.07160135462022
21203,2011,128361,43624,33.98540055,0.8768544514013673,24114,55.27691179167431,18.78607988407694
21204,2011,169067,91069,53.86562723653936,0.9025282195003818,60111,66.00599545399642,35.55454346501683
21205,2011,162229,72671,44.79532019552608,0.9153843266336312,55044,75.74410700279341,33.92981526
21301,2011,174422,81994,47.00897822522388,0.8906620147767264,42042,51.27448349879259,24.103610783043425
21302,2011,79413,23788,29.954793295807992,0.9254435352083928,11124,46.76307381873213,14.007782101167315
21303,2011,71635,28308,39.51699588190131,0.8815595867089421,21243,75.04239084357779,29.65449849933692
21304,2011,124562,32191,25.84335511632761,0.9122911751760608,13329,41.40598303873754,10.70069523610732
21305,2011,166021,56254,33.883665319447545,0.9035553917208776,44355,78.84772638390159,26.71649971991495
21401,2011,126458,27519,21.76137531828749,0.8280009257840945,10377,37.70849231440096,8.205886539404387
21402,2011,144608,26204,18.12071254702368,0.7024803957656331,7512,28.66737902610289,5.194733348085859
21501,2011,59249,3901,6.584077368394404,0.8484099640940238,2316,59.36939246,3.90892673294064
21502,2011,50979,5155,10.112006904803938,0.8912490298327032,2799,54.29679922405432,5.490496086623904
21503,2011,37202,3266,8.779097897962474,0.9022718809729968,2559,78.35272504592774,6.878662437503361
21601,2011,36549,2308,6.314810254726531,0.8305599692426914,798,34.575389948006936,2.183370270048428
21602,2011,28123,2519,8.957081392454574,0.8508171560294205,1113,44.18420007939658,3.9576147637165313
21603,2011,60223,7923,13.156103149959316,0.880862563,5229,65.99772813328285,8.68272919
21701,2011,35993,2714,7.540355069041202,0.8123032459764024,1182,43.55195283714075,3.283971883421776
21702,2011,84668,5870,6.932961685642745,0.8160641845319805,2838,48.34752981260648,3.3519157178627106
29797,2011,36,16,44.44444444444444,0.796875,0,0.0,0.0
29999,2011,8308,2216,26.67308618199326,0.8899576757158311,2874,129.69314079422384,34.59316321617718
30101,2011,69943,14575,20.83839698039833,0.814903614,6603,45.30360205831904,9.440544443332428
30102,2011,76459,18387,24.04818268614552,0.7645802693371496,10152,55.21292217327459,13.277704390588422
30103,2011,65027,14410,22.16002583542221,0.8248248647591767,10152,70.45107564191534,15.61197656358128
30201,2011,37764,8270,21.899163224234723,0.8946094404536143,4719,57.06166868198307,12.4960279631395
30202,2011,65894,13578,20.60582147084712,0.8849645461807646,10479,77.17631462660187,15.90281360973685
30203,2011,34568,8350,24.155288127748207,0.8824072860267489,7836,93.84431138,22.668363804674843
30204,2011,52824,11593,21.946463728608208,0.8618076496263711,7980,68.83464159406539,15.106769650159018
30301,2011,47010,11066,23.539672410125505,0.8973654091095116,7161,64.71172962,15.232929164007658
30302,2011,65186,16835,25.82609763,0.8896272765355034,16575,98.45559845559846,25.42723898
30303,2011,65662,22519,34.29533063263379,0.9045599066344716,18453,81.94413606288023,28.10301239682008
30304,2011,36517,10545,28.87696141523126,0.8780117453681877,9645,91.46514936,26.41235588903798
30305,2011,53641,21672,40.40193135847579,0.8968983535665332,13896,64.11960132890366,25.905557316231985
30306,2011,46067,22386,48.59443853517703,0.8767766112132038,19050,85.09782900026802,41.352812208305295
30401,2011,32063,10331,32.220940024327106,0.9012003150654766,4431,42.89033007453296,13.819667529551197
30402,2011,43622,13063,29.94589885837421,0.8575716798017022,7677,58.76904233330782,17.59891797716748
30403,2011,47296,14369,30.381004736129903,0.904849857213578,18699,130.13431693228478,39.53611299052774
30404,2011,47372,8713,18.392721438824623,0.846844611,5022,57.63801216572937,10.60119902051845
30501,2011,57583,20509,35.61641456679923,0.8919821732956523,26802,130.68408991174607,46.54498723581612
30502,2011,37575,8548,22.74916833000665,0.8631890237934084,8070,94.40804867,21.477045908183637
30503,2011,75273,17748,23.578175441393327,0.8862808883886595,19209,108.23191345503716,25.51911043800566
30504,2011,53542,11859,22.148967165963168,0.8805946613297072,11493,96.9137364,21.46539165514923
30601,2011,47219,10308,21.830195472161627,0.8174581636093384,5739,55.67520372526194,12.154005802748893
30602,2011,94731,17352,18.31712955632264,0.8553469508100756,11568,66.66666666666666,12.211419704215093
30603,2011,33464,3993,11.932225675352615,0.8799226595452636,2244,56.19834710743802,6.705713602677505
30604,2011,10787,2048,18.98581626031334,0.8289217948913574,1158,56.54296875,10.73514415500139
30605,2011,38235,5524,14.447495749967306,0.8518553231740791,1662,30.08689355539464,4.346802667712828
30701,2011,43411,2568,5.915551358,0.8640626061470676,2538,98.83177570093456,5.846444449563474
30702,2011,40363,2739,6.785917796001288,0.833382719,1776,64.84118291347207,4.400069370463048
30703,2011,38500,3737,9.706493506493509,0.8356189602861233,1050,28.09740434,2.727272727272727
30801,2011,29662,3114,10.49828062841346,0.8119403163618919,2709,86.99421965,9.132897309689165
30802,2011,72343,8332,11.517354823548926,0.8444040340741605,6270,75.25204032645223,8.667044496
30803,2011,109336,10022,9.166239848,0.8552454008485264,7602,75.85312312911594,6.952879198
30901,2011,57920,14182,24.485497237569064,0.8209218571448658,8526,60.11846001974334,14.720303867403317
30902,2011,50099,8728,17.421505419269845,0.7906310568680841,4347,49.805224564619614,8.676819896604723
30903,2011,59605,17950,30.11492324469424,0.8131612076256391,10587,58.98050139275766,17.761932723764783
30904,2011,17135,3887,22.684563758389263,0.7662825475722079,1017,26.164136866478003,5.935220309308433
30905,2011,31076,7321,23.55837302098082,0.8054946913953701,3462,47.28862177298184,11.140429913759816
30906,2011,62673,16710,26.662199033076444,0.7778004334153105,9582,57.342908438061045,15.288880379110624
30907,2011,94057,25974,27.61516952486258,0.759162679,19059,73.37722337722337,20.263244628257333
30908,2011,45191,14672,32.466641587926794,0.8537769346637903,9378,63.91766630316249,20.751919630014825
30909,2011,54548,16930,31.036884945369213,0.8639354222190745,13218,78.07442409923213,24.23186917943829
30910,2011,35328,11035,31.235846920289852,0.8599341593221222,10377,94.0371545083824,29.373301630434785
31001,2011,63573,22741,35.771475311846224,0.857932129,14205,62.4642715799657,22.34439148695201
31002,2011,56949,5996,10.528718678115506,0.772165655,1278,21.314209472981982,2.24411315387452
31003,2011,94911,12121,12.770911696220669,0.8188082817891026,5817,47.99108984407227,6.128899706040396
31004,2011,66360,19247,29.003918022905367,0.8220363684998736,13602,70.67075388372214,20.49728752260398
31101,2011,12380,1374,11.09854604200323,0.7637927491000468,411,29.912663755458517,3.3198707592891763
31102,2011,37758,8912,23.60294507124318,0.7841129222011998,4782,53.65798922800719,12.664865723820116
31103,2011,72712,18984,26.10848278138409,0.8162798869906904,9981,52.57585335018964,13.726757619100011
31104,2011,37343,6581,17.62311544332271,0.7640725797243708,1437,21.83558729676341,3.8481107570361246
31105,2011,54882,14448,26.32557122553843,0.8147934809402397,6987,48.35963455149502,12.730950038263911
31106,2011,75355,23419,31.07822971269325,0.8246550059687257,15477,66.08736496007516,20.538783093358106
31201,2011,35480,3683,10.380496054114994,0.8497711930025525,3186,86.50556611,8.979706877113868
31202,2011,112798,13197,11.69967552616181,0.8555084054530316,11151,84.49647647192545,9.885813578254933
31203,2011,18533,2948,15.906760912966062,0.8019861221829669,1932,65.53595658,10.424647925322397
31301,2011,30534,5571,18.24523482020043,0.7435746717823966,1980,35.54119547657512,6.484574572607585
31302,2011,59052,9064,15.349183770236404,0.8051238218524892,4872,53.75110326566638,8.250355618776672
31303,2011,11291,1496,13.249490744841024,0.8235749878463782,738,49.33155080213904,6.536179257815959
31304,2011,58590,10238,17.473971667520054,0.767139387,4917,48.02695839031061,8.392217101894522
31305,2011,55990,12521,22.36292195034828,0.7810921609845767,6471,51.68117562495008,11.557420968030003
31401,2011,80513,14239,17.68534273968179,0.8054337458755247,6633,46.583327480862415,8.238421124538894
31402,2011,51570,12245,23.74442505332558,0.8014571159368554,10713,87.48877092690894,20.77370564281559
31403,2011,35352,6693,18.93245078071962,0.8201339357677023,3672,54.86329000448229,10.386965376782078
31501,2011,29880,2447,8.189424364123159,0.8549955417749631,1017,41.56109521863506,3.403614457831325
31502,2011,33132,3782,11.414946275504043,0.8476427207728668,3597,95.1084082496034,10.856573705179285
31503,2011,19912,1165,5.850743270389715,0.8471167271454623,816,70.04291845493562,4.0980313378867015
31601,2011,45740,10368,22.667249672059462,0.7704606290961744,6123,59.05671296296296,13.38653257542632
31602,2011,70040,13612,19.434608794974302,0.7587710848554658,7800,57.30238025271819,11.136493432324386
31603,2011,51085,10019,19.612410688068906,0.7885503420335378,6210,61.98223375586386,12.156210237838897
31604,2011,57861,9880,17.075404849553237,0.7727450663016932,3159,31.973684210526315,5.459636024265048
31605,2011,35896,8598,23.95252952975262,0.7593309619763133,4323,50.27913468,12.043124582126143
31606,2011,46298,7925,17.11737008078103,0.7548638199205883,2250,28.391167192429023,4.859821158581364
31701,2011,140221,15818,11.280763936928134,0.8600307557129692,12741,80.54747756,9.0863708
31801,2011,43371,3374,7.779391759470614,0.8487425548205199,1422,42.14582098399526,3.278688524590164
31802,2011,174529,23083,13.225882231606208,0.8523587718515904,16554,71.71511501971148,9.484956654767975
31901,2011,84739,9973,11.769079172517968,0.818831762,4014,40.24867141,4.736898004460756
31902,2011,47472,4442,9.357094708459725,0.80701547,1455,32.75551553354345,3.064964610717897
31903,2011,45688,4956,10.84748730520049,0.7900395962272682,1407,28.389830508474574,3.0795832603747155
31904,2011,52838,9086,17.195957454862032,0.7701720430242984,2976,32.753686990975126,5.6323100798667625
31905,2011,42522,4224,9.93368138845774,0.7751008621369949,930,22.017045454545457,2.1871031466064625
39797,2011,471,110,23.35456475583864,0.7831404958677686,60,54.54545454545454,12.738853503184714
39999,2011,12545,3285,26.18573136707852,0.8168346040417098,3804,115.79908675799086,30.32283778397768
40101,2011,19640,7909,40.26985743380855,0.8902908912306491,12417,156.9983563,63.223014256619145
40102,2011,68057,11150,16.38332574165773,0.6929683363831969,2838,25.45291479820628,4.1700339421367385
40103,2011,42193,11364,26.933377574479177,0.8941977890498423,7536,66.31467793030623,17.860782594269192
40104,2011,48501,15817,32.61169872786128,0.8828830318942085,9660,61.07352848201303,19.91711511102864
40105,2011,34887,10105,28.96494396193425,0.8971547979270603,8238,81.52399802078179,23.61338034224783
40106,2011,26953,7093,26.31618001706675,0.8931116750253013,5901,83.19469899901311,21.89366675323712
40107,2011,36840,8462,22.969598262757877,0.8908904468213339,6366,75.23044197589222,17.28013029315961
40201,2011,31640,5583,17.645385587863462,0.5496837027555666,1128,20.204191295002687,3.565107458912769
40202,2011,79870,17444,21.84049079754601,0.6785483718568006,5376,30.818619582664525,6.730937773882559
40203,2011,60936,19677,32.29125640015754,0.8878515948407613,17196,87.39137063576766,28.21977156360772
40204,2011,127662,35549,27.846187589102477,0.8548467760990612,17499,49.225013361838585,13.707289561498332
40205,2011,91538,21679,23.68306059,0.7292039646508406,7371,34.00064578624475,8.052393541
40301,2011,33068,7434,22.480948348856906,0.7678670859749094,5436,73.12348668280872,16.43885327204548
40302,2011,84325,21161,25.094574562703823,0.8367918258339978,14079,66.53277255328199,16.696116217017494
40303,2011,61657,13550,21.976417924972026,0.855863226,8598,63.45387453874539,13.944888658222098
40304,2011,160818,35055,21.79793306719397,0.6303674566777422,13299,37.93752674368849,8.269596687
40401,2011,102230,27965,27.354983859923703,0.9021524562212178,15738,56.27748971929197,15.39469822948254
40402,2011,56601,15929,28.14261232133708,0.8887750413238455,9501,59.64592880909034,16.78592251
40403,2011,57823,16739,28.948688238244294,0.90572784715922,14838,88.64328813,25.661069124742745
40501,2011,33199,3942,11.873851622036808,0.5750122077068276,747,18.94977168949772,2.2500677731256964
40502,2011,22054,2082,9.440464314863515,0.6444636382846982,501,24.06340057636888,2.2716967443547653
40503,2011,27263,2135,7.831126435095184,0.7497067389170127,645,30.21077283372365,2.365843817628287
40504,2011,23998,2280,9.500791732644387,0.5958652662357649,297,13.026315789473683,1.2376031335944662
40601,2011,56396,6737,11.94588268671537,0.7033429205509603,2229,33.085943298203944,3.9524079721966094
40602,2011,28222,2654,9.404011055,0.8636103443125759,1686,63.526752072343626,5.974062787895967
40701,2011,46350,8056,17.380798274002156,0.547005433,1455,18.06107249255213,3.139158576
40702,2011,63077,5984,9.486817699002806,0.8347522426113129,3423,57.20254010695187,5.426700699145489
40703,2011,67698,7417,10.956010517297408,0.8532670092459468,3828,51.61116354321153,5.654524505893822
49797,2011,5,0,0.0,,0,,0.0
49999,2011,3068,663,21.610169491525426,0.8350952865192951,666,100.4524886877828,21.70795306388527
50101,2011,42046,7575,18.015982495362223,0.7201131740896862,3648,48.15841584158416,8.676211768063549
50102,2011,94386,17662,18.71252092471341,0.7984751180398889,11439,64.76616464726531,12.119382111753865
50103,2011,21672,3923,18.10169804355851,0.6915757701026432,966,24.62401223553403,4.457364341085271
50201,2011,83294,20109,24.1421951160948,0.6756168488382108,12018,59.76428464866478,14.428410209618942
50301,2011,64134,19774,30.832319830355196,0.859171872,16347,82.66916152523515,25.48882028253345
50302,2011,92217,34206,37.09294382,0.8913128339708597,35379,103.42922294334326,38.3649435570448
50401,2011,76341,27624,36.18501198569576,0.8989600738987298,17442,63.14074717636837,22.847486933626755
50402,2011,40413,10825,26.785935218865216,0.7418324317693306,2457,22.69745958429561,6.079726820577537
50403,2011,103138,31189,30.240066706742425,0.8610170281733622,15645,50.161916060149416,15.168996877969324
50501,2011,152421,57225,37.54403920719586,0.7251613389849949,33330,58.24377457,21.86706556183203
50502,2011,178430,63350,35.504119262455866,0.8958208850867352,43815,69.16337805840568,24.555848231799583
50503,2011,152103,60346,39.674431142055056,0.7767650708475522,43638,72.31299506181023,28.68976943255557
50601,2011,62297,18646,29.930815288055605,0.756980332,8550,45.85433873216776,13.72457742748447
50602,2011,63804,24450,38.32048147,0.8922948231230214,24675,100.9202454,38.67312394207259
50603,2011,88763,40465,45.587688563928666,0.8986287600759544,38343,94.75596194241938,43.19705282606491
50604,2011,106585,40112,37.63381338837547,0.8724602997327467,27336,68.14918228958915,25.64713608856781
50605,2011,53563,14910,27.836379590388887,0.760926732,6003,40.26156941649899,11.20736329182458
50606,2011,17805,4297,24.133670317326597,0.6654957166050275,1032,24.01675587619269,5.7961246840775065
50607,2011,40808,14308,35.061752597529896,0.8854790929281436,12867,89.92871121051161,31.53058223877671
50701,2011,87413,28097,32.14281628590713,0.8736709730918105,17649,62.81453535964694,20.19036070149749
50702,2011,33627,10008,29.76179855473281,0.8193915690788696,5214,52.09832134292566,15.50539745
50703,2011,29227,8612,29.46590481404181,0.7894410989407838,4998,58.03529958197864,17.10062613336983
50704,2011,98370,33414,33.96767307105825,0.8759449931489014,19026,56.94020470461483,19.34126258005489
50705,2011,104105,32669,31.380817443926805,0.6364459959295845,21966,67.23805442468395,21.09985111185822
50801,2011,15608,2110,13.518708354689904,0.7808989016419218,1287,60.99526066350711,8.245771399282418
50802,2011,9291,1524,16.402970616725867,0.8513908694484056,765,50.19685039370079,8.233774620600581
50803,2011,41812,8815,21.082464364297334,0.8004904237832627,10029,113.77197958026092,23.985937051564143
50804,2011,34794,4899,14.08001379548198,0.7973112391850384,3171,64.72749540722596,9.11364028280738
50805,2011,53657,7677,14.307546079728647,0.8000646256742594,4908,63.93122313403673,9.146989209236446
50806,2011,59894,11627,19.412628977860887,0.831034025,11406,98.09925174163584,19.043643770661504
50901,2011,55357,10454,18.88469389598425,0.7572020035921123,4293,41.06562081499904,7.755116787398161
50902,2011,53371,8692,16.28599801390268,0.7479108643946151,3849,44.28209848136217,7.211781679189072
50903,2011,20711,2672,12.901356766935448,0.7742336248162358,1527,57.148203592814376,7.372893631403602
59797,2011,416,117,28.125,0.7977207977207977,36,30.76923076923077,8.653846153846153
59999,2011,7298,2268,31.07700739928748,0.816967299,2844,125.3968253968254,38.96958070704303
60101,2011,16013,814,5.083369762,0.7766512324251883,150,18.42751842751843,0.9367388996440392
60102,2011,49643,4907,9.884575872,0.7522143788050567,1800,36.68229061,3.625888846363032
60103,2011,51251,5306,10.35296872256151,0.8346533996532455,2886,54.39125518281192,5.631109636885133
60104,2011,31093,5263,16.926639436529122,0.7776906953417988,1929,36.65209956298689,6.203968738944457
60105,2011,48804,10091,20.676583886566675,0.8807692432714248,8421,83.45059954414825,17.25473321858864
60106,2011,14849,1355,9.125193615731698,0.6908598739123922,249,18.37638376383764,1.6768805980200685
60201,2011,79046,9345,11.822230093869392,0.834885423,6546,70.04815409309792,8.281253953394225
60202,2011,22005,2658,12.079072937968643,0.6589766062502229,393,14.785553047404065,1.7859577368779824
60203,2011,36512,3529,9.665315512708151,0.6921825965178132,615,17.427033153867953,1.6843777388255914
60301,2011,11339,842,7.425698915248258,0.6531530514948573,138,16.389548693586697,1.2170385395537524
60302,2011,17941,2652,14.781784738866282,0.6800812272930985,591,22.28506787330317,3.2941307619419207
60303,2011,6518,743,11.399202209266646,0.6809902744140466,186,25.033647375504707,2.8536360846885547
60401,2011,47968,4044,8.430620413609073,0.730644782,1182,29.22848664688427,2.4641427618412277
60402,2011,43224,3858,8.925596890616324,0.7067140620057667,978,25.34992223950233,2.2626318711826765
60403,2011,17956,1699,9.462018266874582,0.8012835857813394,717,42.20129487934079,3.993094230340833
69797,2011,116,21,18.103448275862068,0.7029478458049887,18,85.71428571428571,15.517241379310343
69999,2011,1073,180,16.775396085740912,0.8331481481481482,210,116.66666666666669,19.5712954333644
70101,2011,22771,5910,25.954064380132625,0.8902884497009571,6105,103.2994923857868,26.810416758157302
70102,2011,51574,13644,26.455190599914687,0.8837196445081148,11049,80.98065084,21.42358552759142
70103,2011,18620,2269,12.185821697099891,0.8417739160093863,531,23.402379903040988,2.8517722878625134
70104,2011,27618,4203,15.21833586791223,0.8761699904031705,2850,67.80870806566737,10.319356941125353
70201,2011,36066,5389,14.942050684855545,0.8858880076426275,5712,105.99369085173502,15.83763100981534
70202,2011,5722,372,6.501223348479552,0.8799716730257834,255,68.54838709677419,4.456483746941629
70203,2011,15751,724,4.596533553425179,0.8539879735050823,432,59.66850828729282,2.742683004253698
70204,2011,14020,874,6.2339514978602,0.8542067037058371,696,79.63386727688787,4.964336661911555
70205,2011,17823,1135,6.368175952421029,0.8581264918783598,831,73.21585903083701,4.662514728160242
79797,2011,108,33,30.55555555555556,0.7603305785123967,30,90.90909091,27.77777777777778
79999,2011,1870,449,24.010695187165776,0.8326645205132911,531,118.26280623608018,28.39572192513369
80101,2011,92444,21857,23.643503093764878,0.8936946394833606,12939,59.19842613350414,13.996581714335166
80102,2011,549,89,16.21129326047359,0.8307031940411564,90,101.12359550561798,16.39344262295082
80103,2011,1503,248,16.500332667997338,0.8364984391259105,66,26.61290322580645,4.391217565
80104,2011,47303,13698,28.957994207555547,0.9074628874014494,9090,66.36005256241788,19.216540177155785
80105,2011,48030,13440,27.98251093066833,0.9016899402990364,13434,99.95535714285714,27.970018738288573
80106,2011,24154,5770,23.888382876542188,0.8858833565114483,3180,55.11265164644714,13.165521238718226
80107,2011,86900,16266,18.71806674,0.8822956776517967,4956,30.46846182220583,5.703107019562716
80108,2011,22746,4768,20.9619273718456,0.8701171435126797,1761,36.93372483221477,7.742020575046162
80109,2011,32958,9372,28.43619151647551,0.896359631,6291,67.12548015364916,19.08793009284544
89797,2011,0,0,,,0,,
89999,2011,631,152,24.088748019017437,0.8549168975069252,192,126.3157894736842,30.427892234548334
90101,2011,2072,1179,56.9015444,0.6979463195689911,195,16.539440203562343,9.411196911196912
90102,2011,550,51,9.272727272727272,0.6774317570165322,30,58.82352941176471,5.454545454545454
90103,2011,378,14,3.7037037037037033,0.7346938775510204,9,64.28571428571429,2.380952380952381
99797,2011,3,0,0.0,,0,,0.0
99999,2011,26,9,34.61538461538461,0.6666666666666667,18,200.0,69.23076923076923
10102,2016,57331,9731,16.97336519509515,0.9271043521662744,1371,14.088993936902682,2.391376393225306
10103,2016,19366,2477,12.790457502840033,0.8917825993488092,196,7.912797739200646,1.012083032118145
10104,2016,70638,8786,12.43806449786234,0.8310633668021715,380,4.325062599590257,0.5379540757099578
10105,2016,35559,3296,9.269102056,0.9033145133259496,407,12.348300970873789,1.1445766191400208
10106,2016,35942,2898,8.062990373379334,0.8677027206597825,224,7.729468599033816,0.6232263090534751
10201,2016,169053,28754,17.00886704169698,0.8670693942275598,2475,8.607498087222647,1.4640379052723111
10202,2016,158683,19200,12.099594789611992,0.8690367133246528,1258,6.552083333333333,0.7927755336110358
10301,2016,46594,4019,8.625574108254282,0.9074492577277092,482,11.993033092809156,1.0344679572477142
10302,2016,55336,2804,5.067225675871042,0.9032633226224612,373,13.302425106990016,0.674063901
10303,2016,46612,3806,8.165279327211877,0.8779555140002138,255,6.6999474513925374,0.5470694241826138
10304,2016,57614,4817,8.360815079668136,0.9154782713927204,745,15.466057712269048,1.2930884854375673
10401,2016,50261,3787,7.534669027675534,0.8495565520976414,279,7.367309215738051,0.5551023656513002
10402,2016,86021,11658,13.552504620964648,0.8883942783935871,1790,15.354263166924,2.080887225212448
10501,2016,24152,1332,5.515071215634316,0.919124079,200,15.015015015015017,0.8280887711162637
10502,2016,20217,889,4.397289409902557,0.9078817341308152,132,14.848143982002249,0.6529158628876688
10503,2016,69414,4509,6.495807762122914,0.9292238814060108,829,18.38545131958306,1.194283573918806
10601,2016,87675,5742,6.549187339606501,0.8721438310852068,459,7.993730407523511,0.52352438
10602,2016,74162,5895,7.948814756883579,0.9055609726619576,669,11.348600508905852,0.9020792319516734
10603,2016,71381,7998,11.204662305095194,0.8474734024841544,500,6.251562890722681,0.7004665106961236
10604,2016,30196,2333,7.726188899191946,0.9062308637931068,473,20.27432490355765,1.5664326400847794
10701,2016,75354,15475,20.536401518167583,0.8992081010332471,999,6.455573505654281,1.3257424954216102
10702,2016,8,0,0.0,,0,,0.0
10703,2016,89837,14262,15.87541881407438,0.875952459,732,5.132519983172066,0.8148090430446253
10704,2016,128301,27934,21.77223871988527,0.9301403251921604,6234,22.316889811699006,4.858886524656861
10801,2016,31272,3146,10.060117677155285,0.8293749537753468,160,5.085823268,0.5116398055768739
10802,2016,48127,3790,7.874997402705341,0.8456808292896876,269,7.097625329815303,0.5589378103767116
10803,2016,382,49,12.827225130890051,0.8146605581007913,6,12.244897959183673,1.5706806282722512
10804,2016,78567,8906,11.33554800361475,0.8355655033945126,652,7.320907253536942,0.8298649560247942
10805,2016,53856,4523,8.39832145,0.8366365263370762,224,4.952465177979217,0.41592394533571
10901,2016,61271,6107,9.967194921,0.9092631650580209,958,15.686916653021123,1.5635455598896706
10902,2016,12547,720,5.738423527536463,0.896886574,103,14.305555555555555,0.8209133657447996
10903,2016,41980,2915,6.9437827536922345,0.8834237059745976,430,14.751286449399656,1.024297284421153
11001,2016,37090,4113,11.089242383391747,0.9189060866173676,1184,28.786773644541697,3.192235103801564
11002,2016,38345,2376,6.196375016299387,0.8799286354000159,270,11.363636363636363,0.7041335245794758
11003,2016,25622,1204,4.699086722347983,0.9276801580556506,220,18.27242524916944,0.8586371087346811
11004,2016,80496,4994,6.204034983104751,0.9189689220977868,1126,22.547056467761315,1.3988272709202942
11101,2016,120014,11504,9.585548352692186,0.9020551719568788,1042,9.057719054242003,0.8682320395953804
11102,2016,75205,7880,10.478026726946348,0.8836825865134376,606,7.690355329949239,0.805797487
11103,2016,163884,22285,13.59803275,0.9354556322074232,5205,23.356517837110164,3.176026945888556
11201,2016,78280,10548,13.47470618293306,0.8674733982391419,1108,10.504361016306408,1.4154317833418495
11202,2016,69950,5855,8.370264474624731,0.884419004,451,7.702818104184457,0.6447462473195139
11203,2016,91371,13269,14.522113143119808,0.839028223,1040,7.837817469289321,1.138216720841405
11301,2016,48144,6418,13.330840810900632,0.8981094869806124,1425,22.20317856029916,2.9598703888335
11302,2016,14437,1218,8.436655814919996,0.9053321685392348,152,12.479474548440066,1.0528503151624298
11303,2016,93357,7495,8.028321389933266,0.9286378065697344,1810,24.14943295530353,1.9387940914982276
11401,2016,99490,12683,12.748014875866923,0.8384449390171755,719,5.669005755736024,0.7226856970549804
11402,2016,47869,7579,15.83279366604692,0.8490567604554365,568,7.494392400052777,1.1865716852242578
11501,2016,143738,55854,38.85820033672376,0.9338538508098722,6475,11.592723887277543,4.504723872601539
11502,2016,26229,5602,21.358038812001983,0.925548916,355,6.337022491967155,1.353463723
11503,2016,24588,2779,11.302261265658045,0.8527910907397939,98,3.5264483627204037,0.3985684073531804
11504,2016,33182,8524,25.68862636369116,0.9412556062205236,906,10.628812763960582,2.730395997830149
11601,2016,134753,57422,42.612780420473015,0.9061529245213046,9229,16.072237121660688,6.848827113311021
11602,2016,92823,36405,39.21980543615268,0.8970486745684702,4290,11.784095591264936,4.621699363304353
11603,2016,112066,43444,38.76644120429033,0.8937436513617883,5746,13.226222263143356,5.127335677190227
11701,2016,46693,20615,44.15008673676997,0.9331742349858044,4278,20.75187969924812,9.161972886728204
11702,2016,54609,18045,33.04400373564797,0.9322441625378382,2891,16.02105846494874,5.293999157648007
11703,2016,214249,101178,47.224491129480185,0.9172454387803872,40925,40.448516475913735,19.10160607517421
11801,2016,126382,45265,35.8160181,0.89214314,10359,22.885231415000558,8.196578627
11802,2016,140654,57479,40.86552817552291,0.9197664254973408,17277,30.0579342,12.28333357
11901,2016,171429,66626,38.865069503992906,0.9070549401117932,7915,11.879746645453729,4.617071790653856
11902,2016,135070,67538,50.002221070556,0.9285334502272772,12860,19.04113239953804,9.520989116754276
11903,2016,127193,57647,45.32246271414307,0.8329983120677412,11022,19.11981542838309,8.665571218541901
11904,2016,137723,64812,47.05967775897999,0.9246313153081476,13861,21.38647164105413,10.06440463829571
12001,2016,85356,33491,39.23684333848821,0.9036035141253134,6571,19.620196470693617,7.698345751909649
12002,2016,56066,15655,27.922448542788857,0.9029831500268128,2397,15.311402107952732,4.275318374772589
12003,2016,151873,75796,49.90748849367564,0.9095982264483934,19216,25.35226133305188,12.652676907679442
12101,2016,112245,47891,42.66648848501047,0.924225259,10572,22.07512893863148,9.418682346652412
12102,2016,80603,30073,37.310025681426254,0.9230132944803664,4995,16.609583347188508,6.197039812
12103,2016,118371,45990,38.85242162353955,0.9166154236901004,6458,14.042183083278973,5.455728176664892
12104,2016,94139,34037,36.15610958263844,0.9200729246900052,7715,22.66650997443958,8.195328184918047
12201,2016,41888,14340,34.23414820473644,0.8590387559352564,3487,24.31659693165969,8.324579831932773
12202,2016,60438,13949,23.07985042522916,0.8409574073853555,1255,8.997060721198652,2.076508157119693
12203,2016,150543,44275,29.41020173638097,0.90242823684552,6597,14.900056465273856,4.382136665271717
12301,2016,62510,9822,15.71268597024476,0.91635779883349,757,7.707187945,1.2110062390017595
12302,2016,158401,49498,31.24854009760039,0.9335157524272696,5615,11.343892682532628,3.544800853529965
12303,2016,41152,4884,11.86819595645412,0.8614101872701381,273,5.589680589680589,0.6633942457231726
12401,2016,76694,12862,16.770542676089395,0.8547893707301999,789,6.134349246,1.0287636581740425
12402,2016,3,0,0.0,,0,,0.0
12403,2016,139692,26985,19.31749849669272,0.925890616,2732,10.12414304243098,1.955731180024625
12404,2016,36547,4888,13.374558787314964,0.9023578234280952,354,7.242225859247135,0.9686157550551344
12405,2016,53993,14418,26.70346155983183,0.9243882312843136,1470,10.19558884727424,2.722575148630378
12501,2016,89670,53844,60.04683840749414,0.9214729186448491,13735,25.508877497957062,15.317274450763913
12502,2016,66570,29862,44.85804416403785,0.8841008558553146,4068,13.622664255575648,6.110860748084723
12503,2016,151262,67525,44.64108632703521,0.9320916223248044,11008,16.30211032950759,7.277439145324008
12504,2016,140891,73553,52.20560575196428,0.8317625444204605,21552,29.30132013650021,15.296931670582223
12601,2016,47590,21105,44.34755201,0.8815026457271522,3989,18.900734423122483,8.382013027947048
12602,2016,134528,60807,45.20025570884872,0.8986246998958076,13688,22.51056622,10.174833491912464
12701,2016,102811,37507,36.48150489733589,0.9223181054585224,2864,7.635907963846749,2.7856941377868125
12702,2016,185802,99267,53.42622792004392,0.8529286220830952,13952,14.055023320942508,7.509068794
12703,2016,117356,48437,41.27356078939296,0.936952429176536,6990,14.431116708301506,5.956235727189066
12801,2016,109841,20536,18.69611529392485,0.9196893719679932,2247,10.94176081028438,2.045684216276254
12802,2016,108036,18650,17.26276426376393,0.9199753322456138,1424,7.6353887399463805,1.318079158798919
19797,2016,412,122,29.61165048543689,0.8984144047299113,12,9.836065573770492,2.912621359223301
19999,2016,12288,2994,24.36523438,0.9269695034691964,1193,39.84635938543754,9.708658854166668
20101,2016,103815,9765,9.40615518,0.9143146377138748,1522,15.586277521761394,1.466069450464769
20102,2016,28307,3424,12.09594799872823,0.85336465,162,4.731308411214953,0.5722966050800156
20103,2016,25365,2321,9.150404100137983,0.812519526,117,5.040930633347695,0.4612655233589592
20201,2016,94378,7552,8.001864841382526,0.9260294584664966,1284,17.002118644067796,1.3604865540698043
20202,2016,47291,5320,11.24949779027722,0.8549803550228956,380,7.142857142857142,0.8035355564483728
20203,2016,11421,778,6.812012958585062,0.8659439205397796,75,9.640102827763496,0.6566850538481744
20301,2016,19018,1745,9.175517930381744,0.8157686718499848,89,5.100286532951289,0.4679777053317909
20302,2016,188180,31705,16.848230417685194,0.9334484008406128,5123,16.158334647531937,2.722393453076841
20303,2016,71729,8938,12.460789917606546,0.8456532135226982,733,8.200939807563215,1.0219018806898188
20401,2016,53840,5592,10.386329866270431,0.8802743700892958,594,10.622317596566525,1.1032689450222883
20402,2016,46100,3608,7.8264642082429505,0.892324153,252,6.984478935698448,0.5466377440347072
20403,2016,70249,7248,10.317584591951489,0.9003960976979567,768,10.596026490066226,1.093253996498171
20501,2016,48626,5242,10.780241023320857,0.8606469391923101,362,6.905761159862648,0.7444576975280714
20502,2016,45146,4881,10.811589066583972,0.8501487208720593,322,6.597008809670149,0.7132414831878794
20503,2016,61668,7881,12.779723681650127,0.844950024,455,5.773379012815632,0.7378218849322177
20504,2016,73099,9046,12.374998289990288,0.9121980714288612,726,8.025646694671678,0.9931736412262822
20505,2016,42871,4524,10.552587996547782,0.8886267053170007,489,10.809018567639257,1.1406311959133215
20601,2016,86257,26524,30.74996811852951,0.936880840054236,6227,23.476851153672147,7.219124244988813
20602,2016,52065,13286,25.51810237203496,0.924889692,2112,15.896432334788498,4.056467876692596
20603,2016,66595,18255,27.411967865455367,0.9283005740295748,4179,22.89235826,6.275245889331031
20604,2016,135969,75724,55.69210628893351,0.8845713528893763,40438,53.40182769003222,29.74060263736587
20605,2016,100872,31766,31.491395035292253,0.9231558691143428,9038,28.451803815400112,8.959869934174003
20606,2016,62467,20876,33.41924536,0.9316249112773164,6472,31.002107683464263,10.360670433989146
20607,2016,87453,25244,28.865790767612317,0.9232401506189466,6214,24.61575027729361,7.105530970921524
20701,2016,167231,51624,30.86987460458886,0.9177348828296508,11308,21.904540523787382,6.761904192404518
20702,2016,90369,40088,44.36034480850734,0.9036840538323172,6003,14.974555976850928,6.642764664874017
20703,2016,102040,40689,39.87553900431203,0.8628666604693771,11182,27.48162894148296,10.95844766758134
20801,2016,97087,24707,25.44830924840607,0.901881239284818,3912,15.833569433763712,4.029375714565287
20802,2016,148437,54704,36.85334519021538,0.909616719,11970,21.881398069610995,8.064027163038864
20803,2016,116817,30844,26.40369124,0.9249994525687484,4207,13.639605758008042,3.601359391184502
20804,2016,41367,11817,28.56624845891653,0.9222767883834296,3336,28.23051535922823,8.064399158749728
20901,2016,121865,28447,23.343043531776967,0.9360259292526154,4342,15.263472422399548,3.5629590120215
20902,2016,94653,35396,37.3955395,0.9271685509423616,8917,25.19211210306249,9.420726231603858
20903,2016,65123,9899,15.200466808961504,0.8921840256251745,785,7.9300939488837265,1.205411298619535
20904,2016,213708,71977,33.68006813034608,0.9345643002658112,11990,16.658099114995068,5.610459131150916
21001,2016,58565,15852,27.067361051822765,0.9152484255543438,1410,8.894776684330052,2.407581319900965
21002,2016,29574,3573,12.08155813,0.8564302235983421,162,4.534005037783375,0.5477784540474742
21003,2016,75506,28329,37.51887267237041,0.9362140480035868,6322,22.316354265946558,8.372844542
21004,2016,39369,6156,15.636668444715385,0.910096691,573,9.307992202729045,1.455459879600701
21005,2016,160353,64518,40.23498157190698,0.9163536417151272,12118,18.78235531169596,7.557077198430962
21101,2016,154154,46304,30.03749497255991,0.9364051120096796,4811,10.390031098825157,3.120905068957017
21102,2016,25986,6167,23.7320095436004,0.9292859473795791,604,9.794065186,2.324328484568614
21103,2016,109933,25350,23.05949987719793,0.9293713058599722,4119,16.24852071005917,3.746827613182575
21104,2016,60769,21799,35.87190837,0.913521889,3748,17.193449240790862,6.167618358044398
21105,2016,148760,24246,16.29873621941382,0.8636374362324244,1820,7.506392807060959,1.2234471632159185
21201,2016,94288,17747,18.822119463770576,0.903729441148716,1985,11.18498901222742,2.105251993891057
21202,2016,131119,49835,38.00745887323729,0.938001559,6879,13.80355172067824,5.246379243282819
21203,2016,168177,63664,37.85535477502869,0.9158010358091656,9658,15.17026891178688,5.742759116882808
21204,2016,186623,103270,55.336158994336174,0.9280424523054012,21763,21.07388399341532,11.661477952878265
21205,2016,175056,86312,49.305365140297965,0.8980718472798368,22127,25.636064510149225,12.639955214331414
21301,2016,185816,90225,48.55609851,0.8983180029053625,15536,17.219174286505957,8.360959228484091
21302,2016,84006,24351,28.987215198914363,0.9426518101677588,3510,14.414192435628928,4.178272980501393
21303,2016,82288,32814,39.87701730507486,0.9059070116771096,8103,24.693728286706893,9.847122302158272
21304,2016,153438,42477,27.683494310405504,0.9270980829438168,5206,12.256044447583395,3.392901367
21305,2016,221895,92277,41.58588521598053,0.8998979777408519,20027,21.703132958375328,9.025439960341602
21401,2016,134143,28695,21.39135102092543,0.8950846907563887,2795,9.740372887,2.0835973550613893
21402,2016,154999,27529,17.760759746837078,0.801295188,1904,6.916342766,1.2283950219033672
21501,2016,58820,4190,7.123427405644339,0.9076653698714408,541,12.911694510739856,0.9197551853111186
21502,2016,53878,5764,10.698244181298488,0.9345266703620212,1116,19.36155447605829,2.0713463751438432
21503,2016,37336,3284,8.795800299978573,0.9389918417425648,667,20.31059683313033,1.786479537175916
21601,2016,37208,2504,6.729735540743927,0.8817247037328134,299,11.940894568690096,0.8035906256718985
21602,2016,29112,2615,8.982550151140423,0.8950264140182577,356,13.61376673040153,1.2228634240175873
21603,2016,63649,9437,14.826627284010746,0.929220800227324,2122,22.485959521034225,3.333909409417273
21701,2016,35558,2664,7.491984926036335,0.8682209799889979,299,11.223723723723724,0.8408796895213453
21703,2016,37040,2799,7.556695464,0.8773707141107533,338,12.075741336191497,0.9125269978401728
21704,2016,50099,3878,7.740673466536258,0.8964713073124309,753,19.417225373904078,1.5030240124553385
29797,2016,29,0,0.0,,0,,0.0
29999,2016,7565,2003,26.477197620621283,0.9222930457035364,840,41.93709436,11.103767349636485
30101,2016,71569,15224,21.271779681146867,0.8620194256572511,1457,9.570415134,2.035797621875393
30102,2016,82814,19517,23.56727123433236,0.8240545002356167,1761,9.022903110109135,2.126452049
30103,2016,68703,16087,23.41528026432616,0.8677133604765926,2277,14.15428606949711,3.3142657525872234
30201,2016,40790,9829,24.09659230203481,0.929604570643506,1234,12.554685115474614,3.0252512870801667
30202,2016,69069,15344,22.215465693726564,0.9253694351628444,2750,17.922314911366005,3.981525720656155
30203,2016,38666,10059,26.015103708684634,0.9128268476946352,2201,21.88090267422209,5.692339523095226
30204,2016,57993,14684,25.32029728,0.9040752907283268,2494,16.984472895668755,4.300519028158571
30301,2016,50179,12579,25.06825564479165,0.932598475,1817,14.44470943636219,3.621036688654616
30302,2016,70983,18830,26.5274784103236,0.9357222305735218,5008,26.595857673924588,7.055210402490737
30303,2016,71208,27818,39.06583529940456,0.9238341331676242,6554,23.560284707743183,9.204022019997751
30304,2016,38872,12162,31.28730191397407,0.9325310549537068,3198,26.29501726689689,8.227001440625644
30305,2016,59530,27047,45.43423483957668,0.9225911271816366,4565,16.878027137945057,7.668402486141441
30306,2016,49805,26665,53.53880132516815,0.9036042016830064,6839,25.647852990811927,13.731553056921996
30401,2016,32529,10619,32.64471702173445,0.938306740088636,1017,9.57717299180714,3.1264410218574192
30402,2016,45374,14155,31.19627980781945,0.9103665590666788,1734,12.250088308018368,3.821571825274386
30403,2016,51079,17599,34.454472483799606,0.9356491280787036,7477,42.48536848684584,14.63810959494117
30404,2016,50010,9784,19.564087182563487,0.8982391069839523,1296,13.246116107931316,2.591481703659268
30501,2016,67583,27024,39.98638710918426,0.9295066912651114,11268,41.69626998223801,16.672831925188287
30502,2016,40594,9432,23.23496083,0.91016526221169,2160,22.900763358778622,5.320983396561068
30503,2016,86163,22632,26.26649489920268,0.930380173,7148,31.58359844,8.295904274456554
30504,2016,55865,12611,22.57406247203079,0.923988603,3452,27.372928395844895,6.1791819565022825
30601,2016,52656,12131,23.03821027043452,0.888362385,1614,13.304756409199571,3.0651777575205106
30602,2016,100791,21140,20.97409490926769,0.9234475976259544,3707,17.535477767265846,3.677907749699874
30603,2016,34731,4342,12.501799545075004,0.9046125585345626,744,17.134960847535698,2.142178457285998
30604,2016,11609,2317,19.95865276940305,0.8762670464631668,409,17.65213638325421,3.523128607115169
30605,2016,40401,5878,14.54914482314794,0.8977931215884375,562,9.561075195644776,1.391054676864434
30701,2016,44062,2936,6.663338023693886,0.9005245417220411,627,21.35558583106267,1.4229948708637827
30702,2016,42123,3299,7.831825843363484,0.8806798536597154,579,17.550772961503487,1.3745459725090805
30703,2016,40101,4002,9.979801002468768,0.8815630915177094,416,10.394802598700648,1.0373806139497768
30801,2016,28960,3020,10.42817679558011,0.8428062365685716,546,18.07947019867549,1.8853591160220995
30803,2016,116000,11143,9.606034482758622,0.905825647,1885,16.91644978910527,1.625
30804,2016,14319,1149,8.024303373140583,0.9104219736237134,314,27.32811140121845,2.192890564983588
30805,2016,61640,8897,14.433809214795588,0.8775343319722047,1895,21.299314375632235,3.074302401038287
30901,2016,61635,15531,25.19834509613045,0.8708463259000659,2523,16.244929495847018,4.093453394986614
30902,2016,53189,9320,17.522420049258304,0.8515545276206966,1091,11.706008583690988,2.051175995036568
30903,2016,65902,20677,31.37537556,0.8705002820928367,2990,14.46051167964405,4.537039847045613
30904,2016,18512,3979,21.494165946413137,0.8089736762638181,213,5.353103794923348,1.1506050129645635
30905,2016,33382,8094,24.24659996405249,0.8483494135408823,760,9.389671361502346,2.2766760529626744
30906,2016,67285,17734,26.356543063089845,0.8271030566881694,1784,10.059772189015453,2.651408189046593
30907,2016,120883,33227,27.48690882919848,0.8005598550983862,4879,14.683841454239024,4.036134113150733
30908,2016,49477,16588,33.52668916870465,0.8971660101122196,2810,16.939956595129008,5.679406592962387
30909,2016,58896,20043,34.03117359413203,0.906682793,4462,22.262136406725546,7.5760662863352355
30910,2016,40836,14561,35.657263199138015,0.9109565101751524,4143,28.452716159604424,10.145459888333823
31001,2016,72230,27411,37.949605427107855,0.8782898111630398,4472,16.31461821896319,6.191333241035581
31002,2016,62726,6470,10.314702037432644,0.8327239022572377,395,6.105100463678516,0.6297229219143577
31003,2016,104207,13529,12.982813054785186,0.8622182167941282,1538,11.368172074802278,1.475908528217874
31004,2016,83910,25621,30.53390537480634,0.8474076501278821,4697,18.33261777448187,5.597664163985222
31101,2016,13915,1512,10.86597197269134,0.8097731376501218,88,5.82010582,0.6324110671936759
31102,2016,40928,9962,24.34030492572322,0.8114551416644038,1187,11.915278056615138,2.9002150117279126
31103,2016,79812,22326,27.973237107201925,0.8505867092748887,3160,14.153901281017648,3.959304365258357
31104,2016,45587,7664,16.811810384539452,0.815251831,430,5.6106471816283925,0.9432513655208722
31105,2016,59779,16337,27.32899513206979,0.8618091309778846,2024,12.389055518148986,3.3858043794643606
31106,2016,77280,26211,33.91692546583851,0.9029969164307768,5394,20.57914616000916,6.979813664596274
31201,2016,33494,3677,10.978085627276526,0.8851939919509355,789,21.457710089747074,2.355645787305189
31202,2016,114969,13455,11.703154763457976,0.8940787001995862,2018,14.998141954663694,1.7552557645974132
31203,2016,21224,3588,16.905390124387488,0.8694833453267363,839,23.38350056,3.953071993969092
31301,2016,33043,6004,18.17026299064855,0.7957128070515725,369,6.145902731512325,1.116726689465242
31302,2016,67460,11071,16.411206640972427,0.860384139,1606,14.506367988438262,2.3806700266824783
31303,2016,13232,1796,13.573155985489722,0.8512674788319503,292,16.258351893095767,2.206771463119709
31304,2016,62884,11018,17.521150054067807,0.8211196741014992,1056,9.58431657288074,1.6792824883913235
31305,2016,59469,13179,22.16112596478838,0.8375891186327403,1318,10.000758782912207,2.216280751315812
31401,2016,86194,15512,17.996612293199064,0.8663694892519951,1377,8.876998452810728,1.597558994825626
31402,2016,71560,18390,25.698714365567355,0.8600300834939669,3295,17.917346383904295,4.604527669088877
31403,2016,37215,7256,19.49751444,0.8734038605772328,892,12.293274531422272,2.396882977294102
31501,2016,32390,2471,7.628897807965422,0.9015429651705638,287,11.614730878186968,0.8860759493670887
31502,2016,29651,3663,12.353714883140537,0.865324561,847,23.12312312312312,2.856564702708172
31503,2016,17659,1020,5.776091511410613,0.8797846981930026,212,20.7843137254902,1.200520981
31601,2016,54483,12435,22.82363305985353,0.8464914184236518,1934,15.55287494973864,3.549731108786227
31602,2016,80512,15640,19.425675675675677,0.8265197277621156,1862,11.90537084398977,2.3126987281399045
31603,2016,56308,11205,19.89948142359878,0.8564782607050743,1887,16.84069611780455,3.351211195567237
31605,2016,41152,9922,24.11061430793157,0.8261460557435683,1273,12.830074581737552,3.093409797822706
31606,2016,49582,8600,17.34500423540801,0.8141078420767982,537,6.244186046511628,1.0830543342341978
31607,2016,42624,6839,16.0449512,0.839219753,520,7.603450796900131,1.21996997
31608,2016,21852,3987,18.245469522240526,0.7990724054330323,212,5.317281163782293,0.9701629141497348
31701,2016,149512,19144,12.804323398790732,0.9261358184190588,4796,25.052235687421646,3.2077692760447323
31801,2016,42226,3176,7.5214322929001085,0.8929352067458076,365,11.492443324937028,0.8643963434850567
31802,2016,186808,25546,13.67500321185388,0.9055370181301596,4172,16.331323886322714,2.233309065992891
31901,2016,87765,10417,11.869196148806472,0.8807884675481495,1398,13.42037054814246,1.592890104255683
31902,2016,49067,4603,9.381050400472825,0.8611483249478504,486,10.558331522919834,0.9904824016141194
31903,2016,49486,5301,10.71212059976559,0.8340270017712432,347,6.545934729296358,0.7012084225841652
31904,2016,56678,9705,17.123045979039485,0.829084048,665,6.852138073158167,1.173294752814143
31905,2016,44893,4432,9.872363174659746,0.8266453606198438,236,5.324909747292419,0.5256944289755641
39797,2016,150,38,25.333333333333336,0.7811634349030471,0,0.0,0.0
39999,2016,12510,3140,25.09992006394884,0.878965881,1209,38.50318471,9.664268585131891
40101,2016,22063,9760,44.23695780265603,0.8768531854676163,5161,52.87909836065574,23.39210442822825
40102,2016,71892,11123,15.471818839370163,0.7731805615837858,730,6.562977613953071,1.0154120068992376
40103,2016,43911,13331,30.35913552412835,0.9215142167544912,2905,21.79131347985897,6.615654391838036
40104,2016,50525,17154,33.95150915388422,0.9101753703860708,2987,17.412848315261748,5.911924789708065
40105,2016,35362,10664,30.156665346982635,0.9218397821979876,2691,25.234433608402103,7.609863695492336
40106,2016,28079,7576,26.98101784251576,0.925405591,1661,21.924498416050685,5.91545283
40107,2016,37721,9317,24.69976935924286,0.9238968298786971,2220,23.827412257164323,5.885315871795552
40201,2016,34632,5633,16.265303765303766,0.6771272442271897,288,5.112728563820344,0.8316008316008316
40202,2016,90154,19224,21.3235131,0.8240275433382014,2250,11.704119850187263,2.495729529471793
40203,2016,68056,24930,36.63159750793464,0.9223234281821432,5961,23.91095066185319,8.758963206770895
40204,2016,136635,42210,30.892523877483807,0.9205281822967384,6881,16.301824212271974,5.036044937241556
40205,2016,93604,21974,23.4754925,0.8335538017910722,1985,9.033403112769635,2.1206358702619545
40301,2016,33703,7452,22.110791324214464,0.8486286828653823,1383,18.55877616747182,4.103492271
40302,2016,90067,24499,27.200861580823165,0.9038496355323472,4913,20.05387975019389,5.454828072434966
40303,2016,63529,14321,22.54246092335784,0.9038926668669062,2781,19.41903498359053,4.377528372869084
40304,2016,168041,35457,21.10020768740962,0.7474642875687201,2830,7.981498716755507,1.6841128058033457
40401,2016,108691,29606,27.23868581575292,0.9256254867884578,4752,16.050800513409445,4.372027122760854
40402,2016,57965,16658,28.73803157077547,0.9070634607291984,2472,14.839716652659382,4.264642456654879
40403,2016,61086,18442,30.190223619159877,0.9277404237563054,4951,26.8463290315584,8.104966768162917
40501,2016,35496,3930,11.071670047329278,0.6904289441822219,207,5.267175572519084,0.5831643002028397
40502,2016,22545,2157,9.567531603459749,0.737906513,190,8.808530366,0.842758927
40503,2016,27268,2088,7.657327270060144,0.8400685911833355,177,8.477011494252872,0.6491125128355582
40504,2016,25202,2309,9.161971272,0.7133863930116229,88,3.8111736682546553,0.3491786366161415
40601,2016,56613,6339,11.197074876795082,0.832784157,518,8.171635904716833,0.914984191
40602,2016,26203,2356,8.991336869824066,0.9089663064501716,344,14.60101867572156,1.3128267755600502
40701,2016,50397,8475,16.816477171260193,0.6609078027514554,365,4.3067846607669615,0.7242494592932118
40702,2016,64788,6442,9.943199357905783,0.9028672343026752,1124,17.447997516299285,1.734889177008088
40703,2016,69554,8138,11.700261667193836,0.9049010552245093,1408,17.301548291963627,2.024326423
49797,2016,3,3,100.0,0.0,0,0.0,0.0
49999,2016,2863,596,20.817324484806147,0.903911986,232,38.92617449664429,8.103388054488299
50101,2016,50875,9678,19.023095823095822,0.8074295689671998,1228,12.688572019012192,2.4137592137592137
50102,2016,102644,19385,18.885663068469665,0.8615032496893613,2988,15.413979881351562,2.9110323058337557
50103,2016,22815,3960,17.357001972386588,0.7804428119579634,255,6.4393939393939394,1.1176857330703485
50201,2016,96736,25115,25.96241316572941,0.7890463239989934,3693,14.70435994425642,3.8176066821038703
50301,2016,67634,21349,31.56548481532957,0.9100990853256352,5085,23.818445828844443,7.518407901351392
50302,2016,101666,39121,38.47992445852104,0.9326123473297336,11954,30.55647861762225,11.758109889245176
50401,2016,80443,29790,37.032432902800736,0.9371092263726808,5589,18.761329305135952,6.947776686597964
50402,2016,42032,10134,24.110201751046823,0.8111512170699873,690,6.808762581409118,1.641606395127522
50403,2016,128540,42435,33.01306986152171,0.9159181941971316,6211,14.63650289,4.831958923
50501,2016,154730,58477,37.79292961933691,0.8180392609857677,8012,13.701113258204082,5.1780520907387055
50502,2016,192425,72428,37.63959984,0.9355169291835272,14711,20.311205611089637,7.645056515525529
50503,2016,187960,76777,40.84752074909555,0.8653353714053157,11848,15.431704807429307,6.303468823153863
50601,2016,79602,27549,34.60842692394663,0.8910258195877265,4334,15.731968492504263,5.444586819426648
50602,2016,70718,28505,40.30798382307192,0.9434934450979512,8042,28.212594281704963,11.37192793913855
50603,2016,93597,46629,49.81890445206577,0.9312080263959122,12355,26.496386368997836,13.200209408421207
50604,2016,118073,51035,43.22326018649479,0.9332268738398584,9982,19.55912608993828,8.454091960058607
50605,2016,57449,16654,28.98919041236575,0.8673664183650717,1801,10.814218806292782,3.134954481366081
50606,2016,26873,6797,25.293045063818703,0.8269414309669241,850,12.505517139914668,3.1630260856621883
50607,2016,42042,15134,35.997336,0.9341282979315446,3609,23.846967093960615,8.584272869987156
50701,2016,102028,34661,33.97204688908927,0.9182416032671348,6210,17.91639018,6.086564472497746
50702,2016,36605,10455,28.561671902745527,0.8702868091049043,1553,14.854136776661884,4.242589810135228
50703,2016,38918,13362,34.333727324117376,0.8911026631762815,2546,19.054033827271365,6.541960018500436
50704,2016,100677,34778,34.54413619793995,0.9233384718690592,5302,15.245269998274772,5.266346831947714
50705,2016,125114,39570,31.62715603369727,0.7769646252176784,6353,16.05509224159717,5.077769074603961
50901,2016,59173,10980,18.555760228482583,0.8292917077249247,1112,10.127504553734065,1.879235462119548
50902,2016,55935,9755,17.43988558,0.8321405338008265,1189,12.188621219887237,2.1256815947081438
50903,2016,20245,2549,12.590763151395407,0.8305764104755117,327,12.828560219693996,1.6152136329958011
51001,2016,34364,4167,12.12606216,0.9029226114034709,1024,24.57403407727382,2.979862646956117
51002,2016,25055,5081,20.279385352225106,0.8639969514142491,1249,24.581775241094277,4.985032927559369
51003,2016,34497,7893,22.88025045656144,0.8780501734453543,1796,22.754339287976688,5.206249818824825
51101,2016,15971,2045,12.80445808027049,0.84151386,269,13.15403422982885,1.6843027988228665
51102,2016,9485,1594,16.805482340537694,0.9040433935917156,321,20.138017565872023,3.384290986
51103,2016,39097,8556,21.88403202291736,0.842006714,1879,21.96119682094437,4.805995344911374
51104,2016,54019,7732,14.313482293267183,0.8677888185941401,1224,15.830315571650283,2.265869416316481
59797,2016,434,161,37.096774193548384,0.8659388140889626,46,28.57142857142857,10.599078341013826
59999,2016,5950,1455,24.45378151260504,0.8766585184397917,469,32.233676975945016,7.882352941176471
60101,2016,17072,849,4.973055295220244,0.853833444,50,5.889281507656066,0.2928772258669166
60102,2016,52606,5328,10.128122267421968,0.8520136831651471,515,9.665915915915916,0.9789757822301638
60103,2016,53154,6182,11.63035707566693,0.9053447873262258,1240,20.05823358136525,2.3328441885841142
60104,2016,32879,5395,16.408649898111257,0.8484272929745645,471,8.730305838739575,1.4325253201131425
60105,2016,50558,11460,22.66703587958384,0.9205004736103116,3268,28.516579406631763,6.463863285731239
60106,2016,16083,1456,9.053037368650129,0.7980099399227146,74,5.082417582417582,0.4601131629671081
60201,2016,80916,10171,12.569825498047358,0.9040976724034158,2324,22.849277357192012,2.8721142913638835
60202,2016,22448,2612,11.635780470420528,0.7519960296335209,114,4.3644716692189895,0.507840342
60203,2016,37118,3514,9.467104908669649,0.7817869104118529,180,5.122367672168469,0.4849399213319683
60301,2016,11224,823,7.332501781895938,0.7340332393858819,24,2.916160388821385,0.2138275124732715
60302,2016,19144,2932,15.315503552026744,0.7809800684547794,158,5.388813097,0.8253238612620142
60303,2016,6746,710,10.524755410613697,0.8029795675461218,70,9.859154929577464,1.0376519418914911
60401,2016,47530,3979,8.371554807490005,0.8180017219075694,308,7.7406383513445585,0.6480117820324006
60402,2016,44254,3966,8.961901749,0.8090467155389647,333,8.396369137670197,0.7524743526008949
60403,2016,17238,1617,9.380438565958928,0.8515184788707185,156,9.647495361781075,0.904977376
69797,2016,68,9,13.23529411764706,0.6666666666666667,6,66.66666666666666,8.823529411764707
69999,2016,912,129,14.144736842105262,0.8516315125292951,49,37.98449612403101,5.372807018
70101,2016,25836,8330,32.241833101099246,0.9407963521543072,3123,37.49099639855943,12.087784486762656
70102,2016,53762,16762,31.17815557,0.9253881353128546,4315,25.742751461639426,8.026115099884677
70103,2016,23528,2960,12.580754845290718,0.8950310445580716,306,10.33783783783784,1.300578034682081
70104,2016,33695,6852,20.33536132957412,0.9085892486595926,1617,23.59894921190893,4.798931592224365
70201,2016,36077,6363,17.637275826703995,0.919548518467392,1970,30.96023888103096,5.460542728053885
70202,2016,5536,491,8.869219653,0.9099597230806244,135,27.494908350305497,2.4385838150289016
70203,2016,16105,915,5.681465383421298,0.908377079,207,22.62295081967213,1.285315119528097
70204,2016,13014,783,6.016597510373444,0.8688004514842054,110,14.0485312899106,0.8452435838327955
70205,2016,18710,1434,7.664350614644574,0.9153376166383642,315,21.96652719665272,1.6835916622127205
79797,2016,70,41,58.57142857142858,0.5520523497917906,33,80.48780487804879,47.14285714285714
79999,2016,2489,385,15.468059461631178,0.8528520829819531,138,35.84415584415584,5.544395339493772
80101,2016,96049,24823,25.84410040708389,0.9344683600434118,5539,22.31398299963743,5.766848171245926
80103,2016,1578,261,16.53992395437262,0.912229709,24,9.195402298850574,1.520912547528517
80104,2016,71142,23660,33.2574288,0.9272853234287658,4738,20.025359256128485,6.659919597424868
80105,2016,53002,15776,29.764914531527115,0.930063388709684,5771,36.58088235294117,10.888268367231426
80106,2016,27007,6847,25.35268634057837,0.935678021,1259,18.38761501387469,4.661754359980746
80107,2016,85154,16619,19.516405571082977,0.92629557395575,1687,10.151031951380949,1.981116565281725
80108,2016,22988,4739,20.615103532277708,0.9240055301153643,567,11.964549483013291,2.466504263093788
80109,2016,34760,10425,29.991369390103568,0.9282183829914484,2446,23.46282973621103,7.036823935558114
80110,2016,4578,1453,31.73875054609,0.9230995131225758,284,19.54576737783896,6.203582350371342
80111,2016,599,58,9.682804674,0.8341260404280618,14,24.13793103448276,2.337228714524207
89797,2016,0,0,,,0,,
89999,2016,538,104,19.33085501858736,0.8966346153846154,40,38.46153846153847,7.434944237918216
90101,2016,1843,828,44.92674986,0.7841723260752876,65,7.850241546,3.52685838307108
90102,2016,544,43,7.904411764705882,0.5678745267712277,0,0.0,0.0
90103,2016,391,14,3.580562659846547,0.0,0,0.0,0.0
90104,2016,1748,534,30.549199084668192,0.6535440250248987,83,15.543071161048688,4.748283752860412
99797,2016,6,0,0.0,,0,,0.0
99999,2016,55,21,38.18181818181819,0.7029478458049887,6,28.57142857142857,10.909090909090908
10102,2021,64793,11814,18.23345114441375,0.931374041,1423,12.045031318774337,2.196224900838053
10103,2021,20717,2841,13.713375488729064,0.906766348489168,494,17.38824357620556,2.3845151324998795
10104,2021,76736,9954,12.97174728940784,0.8506902093209232,533,5.354631303998392,0.6945892410341952
10105,2021,38403,3935,10.246595318074109,0.9136607095285686,484,12.299872935196952,1.2603182043069552
10106,2021,38159,3476,9.109253387,0.8901972559493936,268,7.710011507479862,0.7023244843942451
10201,2021,178427,33781,18.932672745716737,0.8839156140551414,2515,7.445013469109854,1.4095400359811014
10202,2021,168171,21876,13.008188094261197,0.8897883676611948,1328,6.070579630645456,0.7896724167662676
10301,2021,49146,4937,10.045578480446018,0.9222283002001028,677,13.712781041118088,1.3775281813372402
10302,2021,54684,3108,5.683563748079877,0.9161859046028932,502,16.15186615186615,0.9180016092458488
10303,2021,47870,4280,8.940881554209316,0.8939255611843829,343,8.014018691588785,0.7165239189471486
10304,2021,61266,5680,9.271047563085562,0.9246124280896648,773,13.609154929577466,1.261711226
10401,2021,53665,4415,8.226963570297215,0.8726092583068378,303,6.862967157417893,0.5646138078822324
10402,2021,92462,13969,15.107828080725056,0.9045413193929857,2325,16.643997422864913,2.514546516
10501,2021,21607,1268,5.868468551858194,0.9187759356745514,283,22.318611987381704,1.3097607256907484
10502,2021,19876,978,4.920507144294627,0.903151542524496,199,20.34764826175869,1.0012074864157778
10503,2021,74084,6199,8.367528751147347,0.9282062650749392,1315,21.213098886917244,1.7750121483721182
10601,2021,97927,7216,7.368754276144475,0.8906507726731924,587,8.134700665,0.5994261031176285
10602,2021,87019,8042,9.241659867385284,0.9170908623781352,798,9.922904750062171,0.917041105965364
10603,2021,76414,9435,12.34721386133431,0.8619787242587205,698,7.397986221515633,0.9134451802025808
10604,2021,30584,2676,8.749673031650536,0.9100005362397529,563,21.038863976083707,1.840831807481036
10701,2021,79819,16184,20.275874165298987,0.9073990831830392,767,4.739248640632724,0.960924090755334
10702,2021,9,0,0.0,,0,,0.0
10703,2021,99254,15613,15.730348399056965,0.8862627959875695,760,4.867738423108948,0.7657122131097991
10704,2021,134762,28913,21.45486116264229,0.9323111096270982,4258,14.726939439006676,3.159644410145293
10801,2021,33311,3661,10.990363543574194,0.8646073493979409,245,6.692160611854685,0.73549278
10802,2021,51154,4433,8.665988974469249,0.865419918,315,7.105797428378073,0.6157876216913634
10803,2021,445,73,16.40449438202247,0.848189154,9,12.32876712328767,2.02247191011236
10804,2021,86780,10663,12.287393408619495,0.8558639303197358,842,7.8964644096408145,0.97026964738419
10805,2021,57345,5187,9.045252419565786,0.8611350565020164,361,6.95970696,0.6295230621675821
10901,2021,67044,7669,11.438756637432135,0.9073459775713972,1134,14.786804016168992,1.691426525863612
10902,2021,13056,934,7.153799019607843,0.9215182792346244,220,23.55460385438972,1.6850490196078431
10903,2021,43453,3061,7.044392792212276,0.8828218044059156,360,11.760862463247305,0.8284813476629922
11001,2021,37537,4919,13.10440365506034,0.9264671950695804,1631,33.15714576133361,4.345046221061886
11002,2021,38731,2728,7.043453564328315,0.9021051375547166,405,14.846041055718477,1.045674007900648
11003,2021,24713,1229,4.973091085663416,0.9309824084489232,258,20.992676973148903,1.0439849471937843
11004,2021,84579,6343,7.499497511202545,0.930884594,1608,25.350780387829104,1.901181144255666
11101,2021,126496,13303,10.516538072350114,0.9115292541226624,1078,8.103435315342404,0.8522008601062484
11102,2021,85022,9525,11.202982757403966,0.9030964074372594,632,6.635170603674541,0.7433370186539955
11103,2021,179000,26095,14.578212290502792,0.9365187563048496,4939,18.92699750910136,2.759217877094972
11201,2021,87772,14186,16.162329672332863,0.8860581583831288,1937,13.654307063301848,2.206854122043476
11202,2021,71896,6572,9.140981417603204,0.8929215276895396,582,8.855751673767498,0.8095026148881718
11203,2021,97392,15025,15.427345161820272,0.86277611,1113,7.40765391,1.1428043371118777
11301,2021,49559,8169,16.48338344195807,0.8874972144407884,2412,29.526257803892765,4.866926289876713
11302,2021,14931,1371,9.182238296162346,0.9127210994014282,163,11.889132020423048,1.0916884334605854
11303,2021,99169,9657,9.737922132924604,0.9356595725461618,2486,25.742984363674022,2.506831772025532
11401,2021,108328,14623,13.498818403367553,0.8635647265149757,1009,6.900088901046297,0.9314304704231592
11402,2021,52678,9490,18.01511067238696,0.8752057570444626,772,8.134878819810327,1.4655074224533962
11501,2021,154767,67587,43.67016224,0.9196264762433412,7106,10.51385621495258,4.591418067
11502,2021,27914,6404,22.94189295693917,0.9342814902147744,297,4.637726420986883,1.0639822311384968
11503,2021,25006,2999,11.993121650803808,0.8744969007675227,99,3.301100367,0.395904983
11504,2021,56682,20152,35.55273278995095,0.9263071429269352,2384,11.83009130607384,4.205920750855651
11601,2021,142602,65265,45.76724029116001,0.8830305220583852,10896,16.695012640772237,7.640846551941768
11602,2021,142771,67240,47.09639912867459,0.8326389864535606,9362,13.92325996430696,6.557354084512962
11603,2021,115629,46320,40.05915471032353,0.9061781356546484,4748,10.250431778929189,4.106236324797412
11701,2021,58771,28619,48.69578533630532,0.9296937224839488,6297,22.00286522939306,10.714468019941808
11702,2021,54771,17718,32.34923590951416,0.9321304556907856,1935,10.92109718929902,3.5328914936736595
11703,2021,217795,104599,48.02635505865608,0.9299907352722956,30231,28.90180594,13.880483941320968
11801,2021,127167,48597,38.215102974828376,0.9020496822845888,9397,19.33658456,7.389495702501435
11802,2021,134243,53192,39.62366752828825,0.934363942559152,10795,20.29440517371033,8.041387632874713
11901,2021,186245,75324,40.44350183897554,0.9057588397243446,7258,9.635707079,3.897017369593815
11902,2021,141091,69850,49.507055729989865,0.9317714398734582,10880,15.576234788833217,7.7113352375417294
11903,2021,131869,60645,45.98882224025358,0.8610011856153137,9737,16.055734190782424,7.383843056366546
11904,2021,145918,70161,48.08248468317822,0.9326508617008726,12584,17.935890309431166,8.624021710823888
12001,2021,86706,33870,39.06304062002629,0.922344257,4567,13.483909064068497,5.2672248748644845
12002,2021,56398,16172,28.674775701266004,0.9077249061826032,1640,10.14098441751175,2.9079045356218307
12003,2021,161666,81164,50.20474311234273,0.9168726091016148,18799,23.161746587156863,11.628295374413916
12101,2021,117456,51787,44.09055305816646,0.924397097,8664,16.730067391430282,7.376379239885574
12102,2021,87455,35909,41.0599737007604,0.9197747651283108,5104,14.213706870143977,5.836144302784289
12103,2021,124357,52917,42.55249000860426,0.9014860448148516,5794,10.94922237,4.659166753781452
12104,2021,94778,36127,38.11749562134673,0.926153328730746,6205,17.17551969441138,6.546877967460802
12201,2021,43173,15322,35.48977370115581,0.8721266701539749,2854,18.626811121263543,6.610613114678156
12202,2021,63482,15199,23.94221984184493,0.8491382399296903,1043,6.862293571945523,1.6429854131879904
12203,2021,156903,49207,31.36141437703549,0.912578441756302,5813,11.81335988782084,3.704836746269988
12301,2021,73578,12429,16.892277582973172,0.9315487429214238,732,5.88945208785904,0.994862595
12302,2021,177879,62269,35.006380741965046,0.939925686,5727,9.197192824680018,3.219604337780176
12303,2021,45837,5096,11.11765604206209,0.8744461134290692,201,3.9442700156985873,0.4385103737155573
12401,2021,77950,13607,17.456061577934573,0.8699136884080686,587,4.313956052032043,0.7530468248877485
12402,2021,8,0,0.0,,0,,0.0
12403,2021,159310,33628,21.108530537944887,0.927599634,2758,8.201498751040798,1.7312158684326155
12404,2021,38002,5625,14.801852534077153,0.9231437748148148,520,9.244444444444444,1.368349034261355
12405,2021,56790,16361,28.80964958619475,0.9297278769485864,1380,8.434692255974575,2.43000528262018
12501,2021,103544,63909,61.72158695820135,0.9053398612266056,15244,23.852665508770283,14.72224368384455
12502,2021,74024,35665,48.18031989624986,0.8830366176176903,4020,11.271554745548858,5.430671133686372
12503,2021,163816,74416,45.42657615861698,0.9312781280035352,10843,14.57079122769297,6.619011573961029
12504,2021,152128,83660,54.99316365166176,0.8082534968303166,23824,28.477169495577336,15.660496424063949
12601,2021,54832,27114,49.449226728917424,0.8732215633315419,4600,16.96540532566202,8.389261744966444
12602,2021,147202,69959,47.52584883357563,0.9038279610533968,12230,17.481667834017067,8.308311028382768
12701,2021,143080,55488,38.781101481688566,0.9276851869433784,4091,7.3727652825836225,2.8592395862454567
12702,2021,195172,109551,56.13049002930748,0.8368512711163442,13459,12.285602139642725,6.895968684032545
12703,2021,136178,60038,44.08788497407805,0.9353015883837434,6869,11.441087311369468,5.044133413620409
12801,2021,117865,23592,20.01612013744538,0.9242924584846424,1898,8.045100033909799,1.610316887965045
12802,2021,111740,20684,18.510828709504207,0.9236995451740758,1233,5.961129375362599,1.1034544478253088
19797,2021,0,0,,,0,,
19999,2021,11371,1892,16.638818045906252,0.929242521085778,636,33.61522198731501,5.593175622196816
20101,2021,116201,13053,11.233121918055785,0.9172074185890268,1978,15.153604535355855,1.702222872436554
20102,2021,30975,3936,12.707021791767554,0.864474762,181,4.598577235772358,0.5843422114608555
20103,2021,26759,2516,9.402444037520088,0.8339504753046322,114,4.531001589825119,0.4260248888224522
20201,2021,103034,10330,10.02581672069414,0.9310745026890916,1759,17.02807357212004,1.7072034474057105
20202,2021,52500,6409,12.207619047619048,0.8562001560013673,354,5.523482602590107,0.6742857142857143
20203,2021,12224,903,7.387107329842932,0.879065598,74,8.194905869324474,0.6053664921465969
20301,2021,22483,2084,9.269225637148068,0.8228164684038152,78,3.742802303262956,0.3469287906418182
20302,2021,211986,39582,18.67198777277745,0.9345066689158286,6229,15.736951139406802,2.938401592557999
20303,2021,93417,12444,13.320915893252836,0.8705994304177347,949,7.626165220186436,1.015875054861535
20401,2021,60002,6594,10.989633678877372,0.8902607576358468,652,9.88777676675766,1.0866304456518114
20402,2021,48454,4343,8.963140298014611,0.9085287293809784,540,12.433801519686853,1.1144590745862055
20403,2021,76475,8606,11.253350768224909,0.9071289836701169,1142,13.26981175923774,1.4932984635501798
20501,2021,57775,6961,12.048463868455212,0.8863529916436148,629,9.036058038,1.0887061877974902
20502,2021,48830,5780,11.836985459758344,0.8655333389207505,446,7.716262975778547,0.9133729264796232
20503,2021,71548,9747,13.623022306703191,0.8572723704743871,492,5.047706986765158,0.6876502487840331
20504,2021,77168,9846,12.759174787476674,0.9177814475360117,868,8.815762746292911,1.1248185776487662
20505,2021,45525,5039,11.068643602416255,0.8932889841455343,480,9.525699543560233,1.0543657331136738
20601,2021,89874,26264,29.22313461067717,0.9410738275356604,4222,16.075236064575083,4.697687874134901
20602,2021,53270,13273,24.91646330016895,0.9274204606553612,1313,9.8922624877571,2.464801952318378
20603,2021,68712,19000,27.651647456048437,0.933734161,3257,17.142105263157895,4.740074513913145
20604,2021,149601,81924,54.761666031644175,0.9132285022671668,34126,41.65568087495728,22.811344843951577
20605,2021,101956,33745,33.097610734042135,0.925891825377246,7454,22.089198399762928,7.310996900623798
20606,2021,62539,21067,33.68617982378995,0.9330093636545188,4888,23.202164522713247,7.815922864132781
20607,2021,91060,26064,28.62288600922469,0.9261763866372656,4909,18.834407612031924,5.390951021304635
20701,2021,167900,54495,32.45681953543776,0.9066525319294968,8089,14.8435636296908,4.817748659916617
20702,2021,98386,47257,48.03224035940073,0.8946165983187475,5913,12.512432020653025,6.010001422966682
20703,2021,107187,46024,42.93804285967514,0.8572579228382843,9914,21.540935164262123,9.249255973205706
20801,2021,101306,27434,27.080330878723867,0.9063401796154468,3166,11.540424291025737,3.125185082818392
20802,2021,156469,57987,37.05973707251916,0.9149414432435516,9853,16.991739527825203,6.297093993059328
20803,2021,122693,33515,27.31614680544122,0.9273937417028264,2863,8.542443681933461,2.333466456929083
20804,2021,42162,11884,28.18651866609743,0.9321251934865484,2205,18.55435880175025,5.229827807030027
20901,2021,126236,30909,24.48509141607782,0.9376764303030704,3360,10.870620207706493,2.661681295351564
20902,2021,95299,33410,35.05808035761131,0.9352560986414872,5727,17.141574378928464,6.009506920324452
20903,2021,67105,10713,15.96453319424782,0.90568027502421,521,4.863250257,0.776395202
20904,2021,252026,90591,35.945100902287855,0.9260393162468205,12029,13.27836098508682,4.772920254259481
21001,2021,61687,16950,27.47742636211844,0.925264013,1058,6.241887905604719,1.7151101528685135
21002,2021,32969,4000,12.132609420971216,0.86929625,174,4.35,0.5277685098122479
21003,2021,80537,29852,37.066193178290725,0.9392686711767512,5775,19.345437491625358,7.170617231831332
21004,2021,45064,7983,17.71480561,0.9205346153260132,646,8.092195916322185,1.433516776
21005,2021,204071,90481,44.33800000980051,0.9059563904614072,14816,16.374708502337505,7.260218257371209
21101,2021,159148,52616,33.06105009173851,0.9311592889546088,4548,8.643758553,2.857717344861387
21102,2021,26386,6950,26.339725612067006,0.92842908752135,546,7.856115107913669,2.069279163192602
21103,2021,114579,28891,25.214917218687543,0.9300912778167488,3470,12.010660759406043,3.0284781679016226
21104,2021,62935,24542,38.99578930642726,0.900006316,3036,12.370629940510144,4.8240247874791455
21105,2021,155256,26168,16.85474313392075,0.8880540785962556,1527,5.835371446040966,0.9835368681403616
21201,2021,118342,27799,23.490392252961755,0.9127431908398472,3236,11.640706500233822,2.734447617920941
21202,2021,137287,56083,40.85091814956988,0.9345933850379012,5935,10.582529465256853,4.323060450006191
21203,2021,227950,97698,42.85939899,0.8944298278626432,13369,13.68400581383447,5.864882649703882
21204,2021,193644,108993,56.28524508892608,0.9282058243082072,17906,16.42857798207224,9.246865381834708
21205,2021,182833,93081,50.91039364,0.899836762,18256,19.61302521459804,9.985068341054406
21301,2021,186067,91618,49.23925252731543,0.8869452310734632,11582,12.641620642231876,6.2246395115737885
21302,2021,86589,25095,28.981741329730102,0.9422015603508024,2440,9.723052400876668,2.8179098961761886
21303,2021,85209,32406,38.03119388796959,0.9045990638987862,5462,16.854903412948218,6.410120997
21304,2021,198439,66496,33.50954197511578,0.9076554387859002,7730,11.6247593840231,3.895403625295431
21305,2021,296748,142552,48.03806596843113,0.8436196158397447,29003,20.345558112127502,9.7736126275493
21401,2021,139281,29805,21.399185818596937,0.9037340307480364,2081,6.982049991612145,1.494101851652415
21402,2021,168948,29822,17.65158510310865,0.8226928864734685,1392,4.667694990275635,0.8239221535620428
21501,2021,60340,5192,8.604574080212132,0.9230900894109938,889,17.12249614791988,1.4733178654292345
21502,2021,56972,7760,13.62072597065225,0.9356076296630884,2006,25.850515463917528,3.5210278733412905
21503,2021,38264,4574,11.953794689525402,0.9244976788444564,1399,30.585920419763884,3.6561781308802006
21601,2021,38889,2940,7.559978400061714,0.9013033921051414,436,14.829931972789115,1.1211396538867031
21602,2021,30522,3018,9.887949675643798,0.9130694077197956,453,15.009940357852884,1.4841753489286416
21603,2021,68206,11882,17.420754772307422,0.9262560127739864,2502,21.05706110082478,3.668298976629622
21701,2021,36792,3040,8.262665796912373,0.8795351454293628,319,10.49342105263158,0.8670363122417917
21703,2021,38497,3496,9.081227108605866,0.9049755784970336,616,17.620137299771166,1.6001246850403927
21704,2021,52777,4705,8.914868219110597,0.912973717109684,925,19.659936238044637,1.7526574075828485
29797,2021,38,5,13.157894736842104,0.0,0,0.0,0.0
29999,2021,9089,1416,15.57927164704588,0.9305755051230488,436,30.79096045,4.797007371548025
30101,2021,73384,16219,22.10154802136706,0.8790099761320368,992,6.116283371354584,1.3517933064428214
30102,2021,93394,22226,23.79810266184123,0.8450231030238042,1390,6.253936830738774,1.4883183073859134
30103,2021,73041,17503,23.963253515149027,0.8897001256473662,1588,9.072730389076158,2.174121383880286
30201,2021,46125,12590,27.295392953929536,0.928869528,1426,11.326449563145353,3.091598916
30202,2021,74330,17177,23.109108031750303,0.9302815869138954,2491,14.501950282354311,3.3512713574599755
30203,2021,42971,11277,26.243280351865213,0.9248881949870712,1857,16.467145517424846,4.321519164087408
30204,2021,61171,16283,26.618822644717262,0.9056997593413244,2146,13.179389547380705,3.508198329273676
30301,2021,54274,14302,26.35147584478756,0.9351581652516746,1406,9.830792896098448,2.590559015366474
30302,2021,79394,21829,27.49452099654886,0.9377652532472356,4821,22.08529937239452,6.0722472730936845
30303,2021,79365,33325,41.98954198954199,0.9208692252583026,5455,16.36909227306827,6.873306873306874
30304,2021,39907,12085,30.282907760543264,0.9340079826919,2171,17.964418700868844,5.440148344901897
30305,2021,67890,32361,47.66681396376492,0.92258775,3772,11.656005685856432,5.556046545883047
30306,2021,50190,26628,53.054393305439326,0.9068893501932016,4475,16.805618146312153,8.916118748754732
30401,2021,33016,11125,33.69578386236976,0.9420021754828936,713,6.4089887640449446,2.159559001696147
30402,2021,47733,15849,33.20344416,0.9176536285658008,1505,9.495867247,3.152954978735885
30403,2021,54285,18721,34.48650640140002,0.9376711018435075,5314,28.385235831419266,9.789076172054896
30404,2021,54179,11383,21.009985418704662,0.9130704696573828,1172,10.29605552139155,2.1631997637461007
30501,2021,87467,35703,40.818823098997335,0.9365821965368596,12750,35.71128476598605,14.57692615500703
30502,2021,44376,10830,24.40508382909681,0.9111056544992748,1844,17.026777469990765,4.155399314945015
30503,2021,100063,27137,27.119914453894044,0.9342417812324424,6658,24.534768028890444,6.653808100896436
30504,2021,60333,14622,24.23549301377356,0.9258986235190354,3177,21.727533853098077,5.265774949032868
30601,2021,57774,14222,24.616609547547338,0.8994601070542585,1325,9.316551821122204,2.2934191851005643
30602,2021,105489,22647,21.46858914199585,0.9271464913602376,3127,13.807568331346316,2.9642901155570724
30603,2021,35333,4629,13.10106699119803,0.900137071,697,15.057247785698854,1.972660119435089
30604,2021,12252,2621,21.39242572641201,0.8839451726807849,467,17.81762685997711,3.811622592
30605,2021,42900,6495,15.13986013986014,0.9038158446036242,775,11.93225558121632,1.8065268065268063
30701,2021,44244,3198,7.228098725250881,0.9060660176525276,706,22.076297686053785,1.5956965916282435
30702,2021,42862,3446,8.039755494377305,0.8871944862599449,434,12.594312246082415,1.0125519107834446
30703,2021,41520,4113,9.906069364,0.8827880785036434,378,9.190371991247265,0.9104046242774568
30801,2021,28849,3267,11.324482651045097,0.872383199,576,17.63085399449036,1.996603001837152
30803,2021,121360,12178,10.034607778510216,0.9126851494801708,1801,14.78896370504188,1.4840145023071851
30804,2021,14513,1141,7.861916902087783,0.9191500605662116,288,25.2410166520596,1.9844277544270652
30805,2021,63515,8414,13.247264425726208,0.8850753515101462,867,10.304254813406228,1.3650318822325436
30901,2021,66400,17348,26.126506024096383,0.8954515451683129,2721,15.6848051648605,4.097891566
30902,2021,57511,10517,18.28693641216463,0.8715398313396868,1228,11.676333555196347,2.135243692510998
30903,2021,69387,22640,32.628590369954026,0.890339884,2283,10.08392226,3.290241687924251
30904,2021,20113,4394,21.84656689703177,0.8289897114221838,219,4.9840691852526176,1.0888480087505594
30905,2021,36033,8736,24.244442594288568,0.8699313197295684,641,7.337454212454213,1.778924874
30906,2021,69688,18694,26.82527838365285,0.86322638,1453,7.772547341,2.0850074618298704
30907,2021,158062,45496,28.78364186205413,0.8449594,4652,10.225074731844558,2.9431488909415293
30908,2021,53903,18079,33.539877186798506,0.911732159316352,2250,12.445378616073898,4.174164703263269
30909,2021,64482,22637,35.10592103222604,0.92135130930452,4170,18.42116888280249,6.466921001
30910,2021,45197,16694,36.93607982830719,0.9254013952639416,4170,24.97903438361088,9.226276080270814
31001,2021,78711,31475,39.98805757772103,0.8834980592159013,3797,12.06354249404289,4.823976318430715
31002,2021,67292,7230,10.744219223681863,0.8395139737799127,421,5.822959889349931,0.6256315758188195
31003,2021,115913,16300,14.06227084106183,0.8805417667206142,1387,8.509202454,1.1965870954940343
31004,2021,105202,33569,31.909089180814053,0.8848354688579216,3852,11.47487265036194,3.661527347388833
31101,2021,14674,1799,12.259779201308437,0.8223430903648837,75,4.1689827682045575,0.5111080823224751
31102,2021,46316,11377,24.56386561879264,0.8482159104124629,1124,9.87958161202426,2.426807150876587
31103,2021,93622,28934,30.905129136314116,0.89009488,3339,11.540056680721642,3.566469419580868
31104,2021,61638,11069,17.95807780914371,0.8416932262896035,719,6.495618393712169,1.1664882053278822
31105,2021,64457,18345,28.46083435468607,0.887575341,1812,9.877350776778414,2.811176443210202
31106,2021,79066,26561,33.593453570434825,0.9205945295177284,3017,11.358759082865856,3.815799459
31201,2021,35821,3970,11.082884341587338,0.891318389,876,22.065491183879093,2.445492867
31202,2021,121691,14478,11.897346558085644,0.8999804801702556,1856,12.819450200303908,1.5251744171713604
31203,2021,23382,4241,18.137883842271837,0.886537985,817,19.26432445178024,3.4941407920622702
31301,2021,37081,7489,20.19632696,0.8047119306384308,352,4.700226999599413,0.9492732126965292
31302,2021,79787,13882,17.398824369884817,0.8758549871048675,1634,11.770638236565336,2.0479526739945104
31303,2021,14897,2187,14.680808216419411,0.8479988057626968,418,19.11294010059442,2.8059340806873867
31304,2021,69207,12380,17.88836389382577,0.842215035,889,7.180936995153473,1.2845521406794111
31305,2021,63771,14557,22.82699032475577,0.8479371177015171,988,6.787112729271142,1.5492935660409906
31401,2021,89786,16906,18.829216136145945,0.8797589342698381,971,5.743523009582397,1.0814603613035438
31402,2021,88063,25141,28.54887977924895,0.8920160174504502,3122,12.417962690425997,3.5451892395217057
31403,2021,39846,8412,21.11127842192441,0.8930898311381359,910,10.817879220161672,2.283792601515836
31501,2021,32207,2523,7.833700748284535,0.9084592969413854,337,13.35711454617519,1.0463563821529482
31502,2021,30377,3756,12.364617967541232,0.8889671449358697,693,18.45047923322684,2.281331270369029
31503,2021,17238,1101,6.387051862164984,0.8888426919298037,207,18.80108991825613,1.2008353637312914
31601,2021,58956,14149,23.99925368071104,0.8669015542563093,1749,12.361297618206232,2.9666191736210057
31602,2021,96305,19660,20.414308706713047,0.8546836919389541,2142,10.895218718209565,2.224183583406884
31603,2021,63673,13777,21.637114632575816,0.8807699582134321,2027,14.712927342672572,3.1834529549416546
31605,2021,46660,12139,26.015859408486925,0.854728809,1379,11.360079083944312,2.955422203171881
31606,2021,59039,10710,18.14055116,0.8361900228500987,762,7.114845938,1.2906722674842053
31607,2021,49996,8600,17.201376110088805,0.8471957274202271,539,6.267441860465116,1.078086246899752
31608,2021,24207,4631,19.13082992522824,0.8192051714989923,231,4.988123515,0.9542694261990332
31701,2021,162059,24822,15.31664393831876,0.9322071967978846,6553,26.399967770526143,4.043589063242399
31801,2021,41467,3249,7.83514602,0.9057022635750034,561,17.266851338873497,1.352883015409844
31802,2021,192820,27070,14.039000103723682,0.9101068076047965,3730,13.779091244920576,1.934446634
31901,2021,93797,12255,13.065449854472956,0.892138254,1740,14.198286413708692,1.855069991577556
31902,2021,49678,4939,9.94202665163654,0.8767100353406518,674,13.646487143146386,1.3567373887837677
31903,2021,53141,6156,11.58427579458422,0.8469450450302108,352,5.7179987004548405,0.6623887393914303
31904,2021,63492,11534,18.166068166068168,0.8477896442598114,793,6.875325125715277,1.2489762489762488
31905,2021,47629,5167,10.848432677570388,0.8357788138230704,257,4.973872653377201,0.5395872262697097
39797,2021,183,19,10.382513661202186,0.2659279778393353,14,73.68421052631578,7.650273224043716
39999,2021,14670,2893,19.720518064076344,0.8823003760462607,893,30.867611475976496,6.087252897068848
40101,2021,25026,11366,45.41676656277471,0.8962233479930279,5109,44.94985043111033,20.41476864061376
40102,2021,79723,12632,15.844862837575103,0.8029042820168608,778,6.158961367954401,0.9758789809716142
40103,2021,46030,15218,33.06104714,0.9190085300104508,2547,16.73675910106453,5.533347816641321
40104,2021,55173,20045,36.33117648124989,0.9152957554158668,3546,17.69019706,6.427056712522429
40105,2021,37487,11723,31.272174353775977,0.9247256008603558,2736,23.33873582,7.298530157121136
40106,2021,30289,8768,28.947802832711545,0.9229338489081064,1843,21.01961678832117,6.084717224074747
40107,2021,38641,9868,25.537641365389096,0.9289477404947578,2041,20.683015808674504,5.2819544007660255
40201,2021,37709,5908,15.667347317616484,0.7105083750892149,221,3.740690589031821,0.5860669866610093
40202,2021,99932,21875,21.88988512188288,0.8588615303836735,2150,9.828571428571427,2.1514629948364887
40203,2021,76855,31357,40.800208184243054,0.8901797776066374,6738,21.48802500239181,8.767158935658058
40204,2021,144550,49228,34.05603597371152,0.9215997050195656,7177,14.57910132,4.965063991698374
40205,2021,96660,23707,24.52617421891165,0.8649000156575763,2199,9.275741342219597,2.274984481688392
40301,2021,35711,8416,23.566968161070815,0.8647051289233616,1340,15.922053231939165,3.752345216
40302,2021,96326,27959,29.025392936486515,0.9152461257346292,4625,16.54207947351479,4.801403567053547
40303,2021,66290,15382,23.20410318298386,0.9131189208939672,2364,15.368612664152906,3.5661487403831647
40304,2021,176533,37359,21.16261549,0.7753258844258811,2020,5.406996975293771,1.1442619793466378
40401,2021,118442,33608,28.375069654345587,0.926108812209106,4972,14.794096643656273,4.197835227
40402,2021,60848,17955,29.507954246647383,0.9020812311108226,2429,13.528265107212476,3.991914278
40403,2021,65057,20429,31.401693899196086,0.9248299150867714,4951,24.23515590582016,7.610249474
40501,2021,37975,4342,11.433838051349571,0.7270673194941655,290,6.678949792722248,0.7636603028308098
40502,2021,22691,2239,9.867348287867436,0.7762106679651259,163,7.280035730236713,0.7183464809836498
40503,2021,27164,2066,7.605654542777206,0.862001201,174,8.422071636011616,0.640553674
40504,2021,26652,2470,9.267597178448144,0.7118825091379961,87,3.5222672064777325,0.3264295362449347
40601,2021,57092,6362,11.143417641701117,0.8520980483677794,586,9.210939955988682,1.0264135080221397
40602,2021,25560,2573,10.066510172143976,0.9066667230586274,554,21.53128643606685,2.167449139280125
40701,2021,55593,9536,17.15323871710467,0.6906916979739088,345,3.617869127516778,0.620581728
40702,2021,66851,7342,10.982633019700527,0.9178893060757818,1193,16.248978479978206,1.7845656759061197
40703,2021,71259,8213,11.525561683436475,0.8978145480027839,1211,14.744916595641056,1.699434457401872
49797,2021,12,0,0.0,,0,,0.0
49999,2021,3377,550,16.286644951140065,0.875100826,151,27.454545454545453,4.471424341131182
50101,2021,57332,11586,20.20860950254657,0.8199394144894541,916,7.906093561194545,1.5977115746877837
50102,2021,107549,20265,18.842574082511227,0.8705413157235833,1811,8.936590180113496,1.6838836251383091
50103,2021,23863,4295,17.998575200100575,0.8090914388634481,280,6.519208381839348,1.1733646230566148
50201,2021,107641,27871,25.89255023643407,0.7940609905958158,1649,5.916544078073984,1.5319441476760711
50301,2021,71735,22810,31.79758834599568,0.9122500053335014,3751,16.444541867601927,5.228967728444971
50302,2021,110530,43022,38.923369221025965,0.9312377606477978,9949,23.12537771372786,9.001176151271148
50401,2021,84462,30203,35.759276360967064,0.9379974939828438,2960,9.800350958514056,3.504534583599725
50402,2021,43792,10617,24.24415418341249,0.8269477841818373,387,3.645097485165301,0.883723054
50403,2021,148324,50063,33.752460828995986,0.920055550532466,3812,7.614405848630726,2.570049351419865
50501,2021,160641,59482,37.02790694779041,0.827549676,3714,6.243905719377291,2.311987599678787
50502,2021,208149,78227,37.58221274183398,0.9350503034920532,10146,12.969946437930638,4.874392863
50503,2021,208506,85014,40.772927397772726,0.8729814866377067,5897,6.936504575716941,2.8282159746002518
50601,2021,94184,33978,36.07619128514397,0.9014342693536044,2777,8.172935428806875,2.948483819
50602,2021,75312,29768,39.52623751858933,0.942894921027188,5333,17.915210964794408,7.081208837900999
50603,2021,99139,49938,50.371700339926775,0.926708147298854,8727,17.475669830589933,8.802792039
50604,2021,126376,55270,43.734569855035765,0.9345034080929552,6125,11.08196128098426,4.846648097740077
50605,2021,58762,16783,28.56097477961948,0.8781112577106392,831,4.951438956086516,1.414179231476124
50606,2021,32242,8109,25.150424911605977,0.8532941106819024,426,5.253422123566407,1.3212579864772656
50607,2021,43448,15071,34.68744245995213,0.9319006660887696,2103,13.953951297193283,4.840268827103665
50701,2021,115824,39478,34.08447299350739,0.9221060612306268,3219,8.153908506003344,2.7792167426440115
50702,2021,39910,11258,28.20846905537459,0.8725102957519464,1087,9.655356191152958,2.723628163367577
50703,2021,45867,15921,34.711230296291454,0.8950070945142783,1480,9.295898498838012,3.2267207360411625
50704,2021,106127,36800,34.67543603418546,0.9253974731214556,3190,8.668478260869565,3.005832634485098
50705,2021,135678,41318,30.452984271584192,0.7947849212159429,2363,5.719057069558062,1.7416235498754404
50901,2021,61880,11693,18.896250808015512,0.840414747,943,8.064654066535534,1.5239172592113768
50902,2021,55937,9723,17.38205481166312,0.8309699820479297,742,7.631389488840893,1.326492303841822
50903,2021,19357,2567,13.261352482306144,0.8469136225889443,270,10.518114530580444,1.3948442423929328
51001,2021,35092,4071,11.600934685968312,0.9095973394381875,872,21.419798575288628,2.4848968425852047
51002,2021,25443,5320,20.90948394,0.8829819379275256,940,17.669172932330827,3.694532877412255
51003,2021,29594,5545,18.73690612962087,0.8972764682111521,773,13.94048693,2.612015949178888
51101,2021,15970,2189,13.706950532247966,0.8612851207321962,274,12.517131110095931,1.715716969
51102,2021,9537,1755,18.402013211701792,0.908987427,370,21.082621082621085,3.879626716996959
51103,2021,38267,8315,21.728904800480837,0.8637837927746514,1398,16.81298857,3.6532782815480704
51104,2021,54981,7578,13.782943198559504,0.877250589,662,8.735814198997097,1.2040523089794657
59797,2021,514,138,26.848249027237355,0.8897290485192186,22,15.942028985507244,4.280155642023346
59999,2021,8055,1433,17.790192427063936,0.8775513284950638,415,28.960223307745984,5.152079453755432
60101,2021,19589,1267,6.467915666955945,0.908962809811816,161,12.70718232044199,0.8218898361325234
60102,2021,59161,8432,14.252632646506989,0.9124705141972932,1405,16.66271347248577,2.3748753401734253
60103,2021,58008,11411,19.67142463108537,0.9054368181605904,2643,23.16186136184384,4.556268100951593
60104,2021,36641,7825,21.35585819164324,0.8990249242107198,1211,15.476038338658146,3.305040801288175
60105,2021,55163,15781,28.60794373,0.919362881,3831,24.27602813509917,6.944872469
60106,2021,18515,1928,10.413178503915743,0.8553577116440833,179,9.284232365145227,0.9667836889008912
60201,2021,87345,14099,16.141736790886714,0.9216949996342976,3123,22.15050712816512,3.575476558475013
60202,2021,24254,3124,12.88034963305022,0.8030013394298979,239,7.650448143,0.9854044693658778
60203,2021,39600,4125,10.416666666666668,0.8326032102846648,270,6.545454545454546,0.6818181818181818
60301,2021,12440,967,7.773311897,0.7947222136074747,51,5.274043433298862,0.409967846
60302,2021,21707,3406,15.690790989081863,0.8139566838114081,182,5.343511450381679,0.8384392131570461
60303,2021,7582,1047,13.809021366394092,0.8658275930958421,149,14.231136580706782,1.9651806911105247
60401,2021,50028,4825,9.644599024546254,0.8658184219710596,550,11.398963730569948,1.0993843447669305
60402,2021,48293,5322,11.020230675253142,0.8729495781692805,839,15.764750093949642,1.7373118257304372
60403,2021,17841,1971,11.047587018664872,0.8859245462040789,252,12.78538812785388,1.4124768790987052
69797,2021,19,0,0.0,,0,,0.0
69999,2021,1377,148,10.74800290486565,0.8547297297297297,26,17.56756756756757,1.888162672476398
70101,2021,27044,9620,35.571660996893954,0.9390653567368744,2726,28.33679833679833,10.079869841739388
70102,2021,54701,18302,33.45825487651049,0.927599719,3578,19.54977598076713,6.541013875431894
70103,2021,20983,2726,12.99146928465901,0.901176626,192,7.043286867204696,0.91502645
70104,2021,37176,8240,22.164837529588983,0.91069864,1180,14.320388349514564,3.174090811276092
70201,2021,36471,7286,19.97751638287955,0.9218753355417332,1902,26.10485863299478,5.21510241013408
70202,2021,5287,529,10.005674295441649,0.9201010573861584,135,25.51984877126654,2.553432948742198
70203,2021,15805,917,5.801961404618792,0.9078059054167672,168,18.32061069,1.0629547611515344
70204,2021,12798,784,6.125957180809501,0.9044506195335276,113,14.41326530612245,0.8829504610095327
70205,2021,18739,1806,9.6376540903997,0.9200965405091188,435,24.086378737541526,2.3213618656278348
79797,2021,99,28,28.28282828282828,0.7806122448979592,0,0.0,0.0
79999,2021,3500,472,13.485714285714288,0.859846309,203,43.00847457627119,5.800000000000001
80101,2021,106061,30047,28.329923345999003,0.9374016340796508,5600,18.637467966851933,5.279980388644271
80103,2021,1934,333,17.21820062,0.9348988628267908,55,16.516516516516518,2.843846949327818
80104,2021,87682,32707,37.30184074268379,0.9200232904604794,5494,16.797627419206897,6.265824228461941
80105,2021,61188,17426,28.479440413152908,0.9298219926719624,4095,23.499368759325144,6.692488723279075
80106,2021,31592,8431,26.687135983793365,0.9389820829002816,1225,14.529711777962282,3.8775639402380353
80107,2021,89461,18953,21.18576810006595,0.9284239565035886,1525,8.046219595842347,1.7046534243972231
80108,2021,24630,5570,22.61469752334552,0.9329323865669188,565,10.143626570915618,2.293950466910272
80109,2021,39279,12273,31.245703811196822,0.929162086713158,2478,20.190662429723787,6.308714580310089
80110,2021,11435,4689,41.0056843025798,0.9006890113355238,820,17.487737257410963,7.170966331438566
80111,2021,625,47,7.52,0.8057944771389769,6,12.76595744680851,0.96
89797,2021,0,0,,,0,,
89999,2021,605,112,18.512396694214875,0.8808992346938775,20,17.857142857142858,3.3057851239669422
90101,2021,1692,724,42.78959810874704,0.779852569,22,3.0386740331491717,1.3002364066193852
90102,2021,593,51,8.600337268128163,0.7004998077662438,3,5.882352941,0.5059021922428331
90103,2021,310,4,1.2903225806451613,0.0,5,125.0,1.6129032258064515
90104,2021,2188,571,26.09689213893967,0.6584018574351079,49,8.581436077057793,2.2394881170018284
99797,2021,0,0,,,0,,
99999,2021,11,0,0.0,,0,,0.0
